appointment_id,client_id,listing_id,employees_id,appointment_type,appointment_date,appointment_time,latest_status
1,78,77,78,Signing,8/24/2024,16:39:00,Cancelled
2,177,88,25,Viewing,11/7/2022,14:22:00,Scheduled
3,828,271,11,Inspection,1/8/2024,11:27:00,Scheduled
4,249,112,33,Consultation,3/20/2023,8:18:00,Cancelled
5,383,50,34,Signing,6/20/2023,11:15:00,Scheduled
6,952,47,82,Consultation,9/23/2023,11:21:00,Scheduled
7,452,297,17,Viewing,6/7/2023,17:08:00,Cancelled
8,455,265,82,Viewing,7/28/2023,14:47:00,Scheduled
9,651,256,108,Signing,3/10/2024,15:30:00,Cancelled
10,688,161,94,Consultation,8/5/2023,13:54:00,Rescheduled
11,365,275,77,Signing,1/22/2024,11:43:00,Scheduled
12,846,55,44,Consultation,6/18/2022,17:50:00,Cancelled
13,45,72,113,Viewing,1/18/2024,17:32:00,Scheduled
14,539,145,13,Inspection,3/24/2023,9:43:00,Completed
15,40,85,92,Inspection,7/6/2024,15:50:00,Scheduled
16,269,47,15,Inspection,8/12/2022,11:04:00,Scheduled
17,556,172,22,Viewing,1/11/2022,11:49:00,Rescheduled
18,665,85,114,Viewing,6/16/2023,15:31:00,Rescheduled
19,953,132,18,Signing,2/3/2022,9:11:00,Completed
20,954,273,57,Viewing,1/29/2024,15:29:00,Cancelled
21,86,153,65,Signing,11/6/2023,8:58:00,Scheduled
22,150,194,12,Inspection,11/12/2023,13:27:00,Completed
23,538,84,30,Consultation,11/8/2024,11:48:00,Completed
24,161,251,23,Viewing,8/21/2022,12:13:00,Scheduled
25,954,75,65,Signing,2/7/2024,17:45:00,Cancelled
26,173,177,37,Signing,6/6/2023,10:26:00,Completed
27,17,81,59,Consultation,10/24/2023,17:19:00,Rescheduled
28,750,153,120,Signing,8/11/2022,12:20:00,Completed
29,993,231,25,Inspection,4/2/2022,17:26:00,Cancelled
30,723,140,88,Viewing,1/26/2022,12:18:00,Rescheduled
31,779,45,89,Viewing,11/18/2022,16:23:00,Rescheduled
32,222,210,40,Viewing,8/22/2024,15:57:00,Scheduled
33,186,53,62,Inspection,3/24/2024,11:45:00,Rescheduled
34,89,297,19,Inspection,11/17/2024,12:53:00,Scheduled
35,781,203,41,Consultation,1/30/2024,16:02:00,Scheduled
36,199,85,29,Consultation,5/25/2024,16:54:00,Rescheduled
37,769,96,90,Signing,11/26/2024,13:25:00,Scheduled
38,515,92,8,Signing,2/24/2022,15:20:00,Cancelled
39,564,215,46,Consultation,3/8/2024,9:08:00,Scheduled
40,444,174,75,Consultation,7/21/2022,14:39:00,Scheduled
41,855,138,51,Inspection,3/14/2024,12:22:00,Completed
42,7,179,17,Consultation,9/25/2022,16:32:00,Rescheduled
43,515,187,25,Signing,1/7/2023,12:23:00,Cancelled
44,384,104,78,Signing,4/25/2024,15:08:00,Scheduled
45,952,190,45,Signing,9/15/2022,8:58:00,Rescheduled
46,441,204,21,Signing,6/25/2024,17:33:00,Scheduled
47,6,60,74,Signing,4/6/2023,8:17:00,Completed
48,290,97,67,Signing,3/1/2023,15:49:00,Completed
49,721,221,118,Signing,6/21/2024,10:06:00,Rescheduled
50,992,143,2,Consultation,7/21/2024,11:56:00,Cancelled
51,114,67,45,Inspection,11/3/2022,12:20:00,Completed
52,746,173,99,Consultation,11/13/2024,9:40:00,Rescheduled
53,593,290,110,Inspection,10/30/2022,12:09:00,Cancelled
54,433,78,92,Inspection,11/23/2024,17:44:00,Rescheduled
55,119,171,55,Consultation,3/26/2023,10:55:00,Cancelled
56,819,286,62,Inspection,4/3/2023,9:21:00,Rescheduled
57,779,129,86,Viewing,8/3/2024,15:09:00,Cancelled
58,74,81,53,Viewing,8/16/2023,12:41:00,Cancelled
59,29,96,105,Consultation,6/25/2022,9:33:00,Scheduled
60,868,112,17,Signing,6/7/2023,12:34:00,Rescheduled
61,152,70,102,Viewing,4/15/2022,15:39:00,Scheduled
62,636,174,75,Consultation,3/17/2022,14:39:00,Completed
63,67,259,49,Signing,11/30/2024,15:57:00,Scheduled
64,521,14,83,Inspection,2/28/2024,14:36:00,Rescheduled
65,342,31,36,Signing,6/13/2023,13:10:00,Scheduled
66,349,119,109,Inspection,10/13/2022,9:55:00,Completed
67,775,234,96,Viewing,7/9/2022,16:40:00,Rescheduled
68,118,34,74,Viewing,2/26/2022,17:35:00,Rescheduled
69,107,243,87,Signing,10/12/2023,11:52:00,Rescheduled
70,280,35,2,Consultation,8/11/2022,14:35:00,Cancelled
71,45,42,94,Signing,5/22/2023,8:29:00,Cancelled
72,755,86,26,Viewing,3/9/2024,15:06:00,Scheduled
73,931,205,71,Inspection,3/29/2022,11:19:00,Completed
74,695,209,21,Inspection,12/11/2022,13:25:00,Cancelled
75,509,248,105,Consultation,6/11/2022,11:18:00,Cancelled
76,118,80,44,Consultation,2/5/2024,15:55:00,Scheduled
77,135,259,29,Signing,6/18/2024,9:32:00,Scheduled
78,947,113,12,Consultation,10/24/2023,10:06:00,Cancelled
79,672,243,93,Viewing,3/8/2024,14:26:00,Scheduled
80,682,266,102,Signing,11/20/2022,17:15:00,Completed
81,943,21,98,Viewing,10/5/2023,15:31:00,Scheduled
82,644,272,48,Consultation,7/14/2024,13:38:00,Rescheduled
83,493,135,70,Viewing,11/18/2024,14:25:00,Completed
84,784,107,2,Consultation,6/22/2022,10:29:00,Completed
85,930,32,64,Viewing,4/16/2024,17:44:00,Completed
86,177,16,98,Viewing,6/14/2023,11:09:00,Rescheduled
87,297,293,39,Consultation,2/8/2022,10:34:00,Scheduled
88,358,92,24,Consultation,10/23/2022,9:49:00,Completed
89,575,34,49,Signing,3/21/2023,17:28:00,Completed
90,987,21,80,Inspection,7/22/2024,15:09:00,Cancelled
91,39,129,39,Consultation,12/7/2023,16:18:00,Scheduled
92,852,295,31,Signing,7/22/2022,14:09:00,Scheduled
93,748,133,73,Inspection,2/18/2023,13:15:00,Completed
94,185,176,36,Inspection,10/6/2024,17:25:00,Rescheduled
95,477,150,106,Viewing,7/6/2023,8:27:00,Completed
96,870,290,72,Viewing,3/22/2024,13:28:00,Cancelled
97,52,43,55,Inspection,10/3/2023,11:22:00,Scheduled
98,752,297,25,Signing,6/27/2022,13:39:00,Scheduled
99,448,284,94,Signing,12/9/2024,10:39:00,Cancelled
100,728,111,115,Inspection,9/29/2023,17:00:00,Completed
101,178,118,67,Consultation,2/22/2024,12:10:00,Rescheduled
102,457,47,1,Signing,3/2/2024,9:19:00,Rescheduled
103,884,122,38,Consultation,8/3/2023,16:59:00,Scheduled
104,460,169,20,Consultation,6/10/2022,14:30:00,Scheduled
105,552,87,118,Signing,4/25/2024,8:12:00,Completed
106,86,151,47,Consultation,1/24/2023,9:17:00,Rescheduled
107,383,22,1,Consultation,9/7/2022,17:50:00,Cancelled
108,659,107,7,Consultation,8/24/2024,9:25:00,Completed
109,325,223,45,Signing,10/19/2022,14:45:00,Scheduled
110,184,258,41,Signing,7/12/2023,14:35:00,Completed
111,322,168,56,Signing,2/5/2023,14:09:00,Scheduled
112,60,287,84,Consultation,8/26/2022,11:32:00,Scheduled
113,116,82,91,Viewing,1/24/2023,17:58:00,Completed
114,617,123,29,Signing,6/19/2023,14:29:00,Rescheduled
115,109,232,26,Viewing,9/25/2023,15:35:00,Rescheduled
116,817,136,118,Signing,4/8/2022,15:29:00,Completed
117,475,99,45,Viewing,8/23/2023,15:16:00,Scheduled
118,605,73,33,Viewing,11/25/2024,11:56:00,Scheduled
119,184,69,27,Viewing,7/8/2022,9:21:00,Completed
120,991,185,34,Viewing,7/7/2024,9:45:00,Rescheduled
121,452,253,12,Viewing,10/30/2024,8:14:00,Scheduled
122,412,125,114,Viewing,4/6/2023,17:39:00,Scheduled
123,889,207,49,Signing,9/27/2023,10:27:00,Rescheduled
124,73,9,46,Viewing,11/12/2022,12:11:00,Scheduled
125,52,223,66,Inspection,5/29/2023,10:56:00,Scheduled
126,562,29,61,Viewing,11/30/2024,17:15:00,Completed
127,409,134,12,Consultation,5/20/2023,16:38:00,Scheduled
128,378,21,68,Viewing,3/20/2022,14:02:00,Completed
129,910,4,56,Consultation,11/1/2022,15:51:00,Scheduled
130,791,47,52,Consultation,2/17/2023,14:19:00,Cancelled
131,473,7,84,Signing,5/28/2024,17:49:00,Scheduled
132,128,287,18,Inspection,2/8/2024,15:39:00,Completed
133,772,2,92,Inspection,9/28/2024,17:36:00,Rescheduled
134,808,117,112,Inspection,5/12/2023,15:52:00,Cancelled
135,833,264,10,Viewing,4/14/2022,8:26:00,Cancelled
136,845,243,99,Viewing,8/30/2024,11:02:00,Completed
137,843,14,87,Signing,10/24/2022,16:35:00,Cancelled
138,89,48,67,Viewing,3/12/2023,14:23:00,Cancelled
139,492,224,64,Viewing,9/26/2023,10:34:00,Cancelled
140,189,77,21,Consultation,9/20/2024,12:04:00,Cancelled
141,460,281,118,Signing,11/7/2024,10:47:00,Completed
142,954,244,38,Viewing,5/3/2022,17:41:00,Cancelled
143,47,212,35,Inspection,5/27/2022,11:51:00,Cancelled
144,886,188,55,Signing,9/3/2022,15:12:00,Completed
145,789,273,106,Inspection,1/4/2024,11:02:00,Rescheduled
146,214,172,40,Signing,7/24/2023,10:03:00,Rescheduled
147,155,14,15,Signing,11/8/2024,14:07:00,Rescheduled
148,957,7,67,Consultation,3/31/2024,8:41:00,Completed
149,833,82,24,Consultation,2/22/2024,15:04:00,Cancelled
150,730,226,79,Consultation,6/1/2023,12:10:00,Cancelled
151,660,109,66,Inspection,4/2/2022,10:12:00,Rescheduled
152,794,78,43,Consultation,9/20/2022,8:45:00,Completed
153,442,221,112,Signing,6/17/2023,13:01:00,Cancelled
154,994,40,95,Signing,3/13/2024,12:37:00,Completed
155,862,273,15,Viewing,3/30/2022,12:54:00,Completed
156,330,276,17,Signing,11/27/2024,17:31:00,Completed
157,730,165,93,Consultation,4/4/2022,9:08:00,Completed
158,136,245,55,Viewing,11/9/2024,12:46:00,Completed
159,520,56,11,Viewing,4/2/2022,10:47:00,Cancelled
160,78,135,98,Viewing,6/11/2023,11:01:00,Scheduled
161,694,282,63,Consultation,9/7/2024,10:17:00,Completed
162,964,14,44,Viewing,3/20/2024,8:10:00,Cancelled
163,462,188,113,Signing,7/10/2022,10:34:00,Completed
164,722,41,58,Signing,8/3/2023,15:34:00,Cancelled
165,465,228,93,Consultation,10/19/2022,12:47:00,Cancelled
166,339,67,40,Inspection,4/15/2023,16:41:00,Rescheduled
167,250,238,99,Consultation,4/5/2022,14:25:00,Rescheduled
168,948,80,93,Inspection,10/16/2022,16:57:00,Cancelled
169,922,280,113,Signing,2/20/2022,9:35:00,Scheduled
170,353,179,6,Viewing,3/28/2022,10:00:00,Completed
171,127,171,3,Viewing,1/24/2023,13:59:00,Cancelled
172,823,189,53,Signing,6/2/2024,8:01:00,Rescheduled
173,543,220,77,Inspection,6/30/2023,12:30:00,Cancelled
174,529,283,8,Inspection,10/28/2022,16:25:00,Scheduled
175,475,58,55,Viewing,5/1/2023,10:10:00,Rescheduled
176,7,55,14,Signing,5/23/2023,11:02:00,Cancelled
177,380,226,31,Consultation,8/9/2023,8:35:00,Rescheduled
178,931,16,61,Consultation,8/29/2023,10:49:00,Rescheduled
179,162,181,82,Inspection,5/11/2022,12:58:00,Rescheduled
180,488,28,53,Inspection,6/24/2024,9:22:00,Scheduled
181,421,167,65,Consultation,9/19/2023,14:02:00,Scheduled
182,951,262,80,Inspection,11/16/2023,8:02:00,Cancelled
183,278,292,116,Inspection,6/4/2022,16:43:00,Completed
184,163,24,21,Signing,4/3/2023,10:42:00,Completed
185,517,120,26,Consultation,9/16/2023,10:45:00,Completed
186,477,25,34,Inspection,8/27/2024,15:05:00,Rescheduled
187,826,169,91,Viewing,12/5/2024,17:03:00,Completed
188,682,45,34,Viewing,5/26/2023,8:28:00,Completed
189,251,274,119,Viewing,11/23/2023,16:18:00,Rescheduled
190,305,239,25,Inspection,1/11/2023,8:22:00,Completed
191,774,257,67,Consultation,9/26/2022,13:29:00,Completed
192,154,24,24,Inspection,12/23/2023,17:01:00,Cancelled
193,991,83,34,Consultation,6/15/2023,9:49:00,Cancelled
194,846,23,2,Inspection,2/15/2022,15:25:00,Scheduled
195,14,251,35,Signing,12/1/2023,12:15:00,Cancelled
196,20,16,85,Signing,10/5/2024,17:07:00,Cancelled
197,863,75,55,Consultation,10/2/2022,13:43:00,Scheduled
198,253,163,58,Signing,3/1/2022,17:44:00,Scheduled
199,17,289,28,Inspection,8/8/2022,8:46:00,Scheduled
200,479,129,82,Viewing,10/11/2022,16:01:00,Scheduled
201,197,288,53,Viewing,1/28/2023,16:35:00,Scheduled
202,812,85,7,Consultation,5/26/2024,8:06:00,Scheduled
203,115,137,69,Signing,3/4/2023,8:25:00,Completed
204,906,239,46,Inspection,5/29/2023,9:41:00,Completed
205,985,261,105,Signing,6/26/2024,8:28:00,Completed
206,200,92,34,Viewing,12/14/2022,16:18:00,Cancelled
207,644,140,12,Inspection,9/5/2023,17:52:00,Rescheduled
208,214,141,20,Consultation,7/13/2022,8:50:00,Cancelled
209,365,218,38,Signing,12/20/2023,8:10:00,Rescheduled
210,854,194,49,Consultation,7/23/2023,17:37:00,Scheduled
211,145,141,67,Inspection,1/14/2023,11:30:00,Cancelled
212,500,257,55,Signing,12/17/2023,13:12:00,Completed
213,11,88,40,Signing,9/5/2022,11:31:00,Rescheduled
214,217,166,13,Viewing,12/8/2024,9:20:00,Rescheduled
215,189,298,95,Viewing,7/31/2024,14:39:00,Cancelled
216,658,170,81,Consultation,11/5/2022,11:03:00,Cancelled
217,872,189,116,Consultation,5/7/2022,14:05:00,Scheduled
218,57,74,112,Inspection,5/6/2024,14:18:00,Rescheduled
219,937,256,105,Inspection,7/25/2022,11:11:00,Cancelled
220,316,53,54,Inspection,4/30/2024,16:59:00,Cancelled
221,935,18,19,Viewing,2/8/2022,10:27:00,Cancelled
222,430,70,90,Viewing,10/17/2022,17:24:00,Scheduled
223,171,98,30,Signing,2/27/2023,14:35:00,Scheduled
224,242,227,31,Viewing,9/9/2022,9:07:00,Completed
225,267,298,19,Viewing,11/30/2023,16:13:00,Completed
226,687,257,80,Consultation,10/3/2022,13:55:00,Completed
227,582,269,53,Inspection,10/2/2023,11:43:00,Cancelled
228,64,171,13,Signing,10/31/2022,8:47:00,Scheduled
229,522,286,13,Inspection,8/27/2023,12:35:00,Cancelled
230,244,130,97,Signing,9/14/2023,9:22:00,Rescheduled
231,318,203,4,Viewing,12/7/2022,17:16:00,Cancelled
232,786,159,67,Signing,4/30/2023,13:29:00,Rescheduled
233,660,289,86,Inspection,2/19/2023,17:57:00,Rescheduled
234,17,203,114,Consultation,2/19/2024,9:06:00,Cancelled
235,1000,234,14,Signing,10/4/2023,16:03:00,Completed
236,421,60,57,Signing,9/12/2023,11:51:00,Rescheduled
237,726,17,63,Inspection,6/26/2023,14:03:00,Scheduled
238,561,283,27,Consultation,1/4/2022,11:59:00,Cancelled
239,968,162,99,Consultation,6/5/2024,14:45:00,Scheduled
240,905,286,23,Inspection,12/29/2023,16:09:00,Cancelled
241,616,46,2,Signing,8/23/2022,9:39:00,Scheduled
242,40,163,38,Viewing,4/1/2023,14:28:00,Rescheduled
243,202,1,113,Viewing,1/11/2022,15:58:00,Completed
244,379,2,58,Viewing,9/2/2024,16:14:00,Scheduled
245,610,260,30,Signing,9/29/2024,9:49:00,Completed
246,444,23,51,Inspection,9/23/2023,14:10:00,Rescheduled
247,396,267,92,Signing,6/19/2024,10:38:00,Scheduled
248,389,38,58,Signing,4/29/2022,12:26:00,Cancelled
249,197,292,110,Signing,10/12/2024,9:34:00,Cancelled
250,82,105,113,Viewing,6/25/2023,13:36:00,Rescheduled
251,109,172,94,Inspection,12/1/2023,15:11:00,Completed
252,578,215,55,Signing,5/21/2023,14:56:00,Rescheduled
253,149,68,69,Signing,9/9/2024,12:47:00,Rescheduled
254,499,63,116,Inspection,4/12/2024,11:47:00,Scheduled
255,765,248,31,Viewing,3/5/2024,16:21:00,Cancelled
256,71,124,12,Inspection,3/5/2024,14:09:00,Scheduled
257,689,26,95,Viewing,11/26/2023,11:58:00,Scheduled
258,602,180,76,Viewing,9/4/2024,17:46:00,Cancelled
259,835,210,27,Viewing,2/22/2023,9:15:00,Completed
260,65,5,111,Signing,2/11/2024,16:24:00,Completed
261,469,228,116,Viewing,4/20/2022,13:21:00,Scheduled
262,762,148,3,Signing,1/29/2023,12:08:00,Cancelled
263,542,70,20,Consultation,9/17/2022,8:08:00,Cancelled
264,897,196,92,Signing,11/5/2022,14:10:00,Completed
265,203,244,80,Consultation,10/12/2024,12:48:00,Scheduled
266,297,102,41,Inspection,2/19/2023,9:40:00,Scheduled
267,502,134,11,Signing,3/6/2022,9:10:00,Completed
268,276,242,7,Signing,7/3/2023,15:53:00,Rescheduled
269,778,14,94,Signing,8/21/2024,8:11:00,Completed
270,788,248,79,Signing,12/13/2023,16:50:00,Cancelled
271,16,136,46,Viewing,7/12/2022,9:54:00,Rescheduled
272,733,109,5,Viewing,4/30/2022,8:34:00,Rescheduled
273,202,199,41,Signing,2/12/2022,11:05:00,Completed
274,348,113,75,Viewing,2/29/2024,17:25:00,Completed
275,433,51,11,Consultation,12/25/2024,16:51:00,Cancelled
276,601,47,22,Signing,10/25/2022,14:08:00,Rescheduled
277,938,9,24,Viewing,12/11/2023,15:49:00,Cancelled
278,822,5,114,Viewing,2/8/2023,10:08:00,Scheduled
279,380,243,29,Consultation,1/6/2022,15:43:00,Completed
280,494,295,91,Consultation,1/2/2022,15:08:00,Scheduled
281,823,36,76,Inspection,5/15/2022,12:10:00,Completed
282,411,87,45,Inspection,8/23/2023,15:16:00,Rescheduled
283,95,169,77,Viewing,3/10/2024,17:51:00,Rescheduled
284,893,195,30,Signing,9/12/2022,16:33:00,Rescheduled
285,479,300,91,Viewing,7/7/2022,15:17:00,Scheduled
286,750,82,8,Inspection,10/9/2024,8:44:00,Scheduled
287,157,286,53,Viewing,7/16/2024,8:57:00,Rescheduled
288,13,80,81,Consultation,6/9/2023,10:10:00,Rescheduled
289,673,104,12,Viewing,12/10/2024,12:33:00,Rescheduled
290,119,250,73,Viewing,4/19/2022,11:19:00,Scheduled
291,324,215,42,Signing,6/11/2023,10:57:00,Rescheduled
292,869,35,105,Inspection,4/10/2022,14:21:00,Rescheduled
293,384,216,80,Consultation,9/28/2023,8:15:00,Scheduled
294,280,141,12,Consultation,10/19/2024,8:31:00,Rescheduled
295,372,81,93,Signing,9/7/2024,9:22:00,Scheduled
296,664,227,42,Signing,10/1/2022,17:07:00,Rescheduled
297,649,286,98,Consultation,5/31/2024,11:13:00,Cancelled
298,775,5,100,Consultation,11/16/2024,16:31:00,Completed
299,471,183,72,Signing,12/20/2024,17:36:00,Cancelled
300,434,69,13,Signing,4/16/2023,17:41:00,Cancelled
301,631,247,43,Viewing,7/10/2022,16:18:00,Completed
302,669,225,84,Inspection,5/18/2022,10:10:00,Scheduled
303,506,214,62,Consultation,9/22/2023,12:52:00,Completed
304,789,283,86,Consultation,4/27/2023,10:28:00,Scheduled
305,309,250,19,Consultation,6/22/2023,16:23:00,Cancelled
306,432,251,95,Inspection,9/17/2023,14:59:00,Rescheduled
307,224,203,40,Viewing,7/26/2022,14:25:00,Completed
308,286,14,9,Consultation,1/22/2023,16:38:00,Rescheduled
309,254,25,86,Consultation,12/6/2024,15:30:00,Rescheduled
310,499,250,63,Inspection,11/10/2023,17:12:00,Cancelled
311,955,150,3,Consultation,7/21/2023,9:51:00,Cancelled
312,61,45,22,Viewing,3/3/2024,10:22:00,Cancelled
313,298,114,7,Inspection,1/24/2023,9:43:00,Scheduled
314,829,128,76,Consultation,3/5/2023,15:36:00,Completed
315,87,283,105,Consultation,2/17/2024,17:46:00,Rescheduled
316,785,279,105,Viewing,2/19/2022,12:20:00,Completed
317,833,245,64,Consultation,4/3/2024,14:09:00,Cancelled
318,405,205,111,Inspection,7/26/2023,13:37:00,Rescheduled
319,550,138,73,Viewing,10/10/2022,15:12:00,Cancelled
320,930,162,47,Consultation,3/30/2024,8:04:00,Completed
321,319,252,68,Consultation,6/30/2022,15:30:00,Completed
322,342,12,108,Consultation,7/14/2024,10:18:00,Cancelled
323,309,94,67,Consultation,12/20/2024,12:36:00,Cancelled
324,440,33,64,Viewing,6/5/2023,15:52:00,Completed
325,509,163,42,Inspection,12/23/2024,11:18:00,Scheduled
326,63,150,25,Signing,9/17/2023,8:22:00,Completed
327,830,269,15,Viewing,1/25/2022,8:40:00,Cancelled
328,262,186,28,Viewing,6/15/2023,9:59:00,Rescheduled
329,677,135,96,Signing,4/1/2024,16:08:00,Completed
330,592,24,96,Inspection,10/18/2024,8:02:00,Cancelled
331,794,94,43,Viewing,6/18/2022,17:38:00,Completed
332,227,214,93,Consultation,11/5/2022,15:15:00,Scheduled
333,906,166,15,Consultation,4/15/2023,13:32:00,Rescheduled
334,299,5,93,Consultation,5/15/2022,8:42:00,Completed
335,477,59,81,Signing,8/16/2023,11:54:00,Completed
336,52,79,62,Consultation,7/7/2023,10:54:00,Completed
337,26,236,44,Inspection,1/31/2023,16:38:00,Cancelled
338,213,155,8,Viewing,5/17/2022,15:17:00,Rescheduled
339,884,118,94,Consultation,12/24/2024,8:33:00,Scheduled
340,901,21,99,Signing,1/20/2023,9:16:00,Scheduled
341,858,270,1,Viewing,10/29/2023,16:10:00,Rescheduled
342,576,154,71,Consultation,8/17/2023,17:25:00,Cancelled
343,381,63,114,Viewing,12/12/2024,12:20:00,Scheduled
344,63,13,19,Signing,3/16/2024,12:31:00,Rescheduled
345,815,71,73,Signing,1/11/2023,11:51:00,Scheduled
346,27,120,97,Signing,8/22/2022,16:13:00,Cancelled
347,258,127,50,Signing,7/31/2023,11:25:00,Cancelled
348,339,232,63,Consultation,4/6/2024,17:28:00,Cancelled
349,314,142,66,Consultation,10/29/2023,9:39:00,Completed
350,836,144,67,Consultation,9/13/2022,9:15:00,Cancelled
351,101,173,73,Viewing,5/1/2024,8:40:00,Scheduled
352,313,73,88,Viewing,1/18/2024,10:56:00,Completed
353,965,133,26,Viewing,1/25/2024,9:30:00,Scheduled
354,838,88,63,Consultation,12/30/2023,16:47:00,Scheduled
355,169,14,5,Viewing,12/21/2023,10:42:00,Cancelled
356,293,246,26,Signing,1/21/2023,10:55:00,Scheduled
357,666,168,38,Signing,1/2/2022,13:51:00,Rescheduled
358,479,297,58,Signing,12/1/2023,10:18:00,Cancelled
359,414,216,25,Viewing,10/13/2022,14:15:00,Scheduled
360,310,159,66,Consultation,4/20/2023,16:38:00,Scheduled
361,906,44,20,Inspection,5/24/2022,9:44:00,Rescheduled
362,817,198,33,Consultation,9/14/2024,16:02:00,Completed
363,338,139,20,Consultation,4/10/2022,13:04:00,Rescheduled
364,113,103,91,Consultation,6/1/2023,10:12:00,Scheduled
365,618,254,53,Consultation,1/31/2023,11:10:00,Scheduled
366,807,11,60,Inspection,4/28/2024,8:08:00,Scheduled
367,566,88,73,Consultation,3/10/2024,17:08:00,Scheduled
368,321,194,9,Viewing,10/13/2022,13:36:00,Completed
369,204,225,35,Signing,7/26/2024,12:23:00,Cancelled
370,164,127,65,Signing,2/20/2023,17:55:00,Scheduled
371,171,14,72,Inspection,7/9/2022,8:58:00,Cancelled
372,998,276,105,Signing,1/16/2022,10:34:00,Scheduled
373,962,169,27,Viewing,6/27/2024,12:52:00,Scheduled
374,623,139,83,Consultation,12/9/2022,16:07:00,Scheduled
375,840,253,36,Signing,5/28/2022,16:33:00,Cancelled
376,412,69,13,Inspection,11/1/2023,16:14:00,Scheduled
377,241,228,21,Inspection,11/24/2022,14:56:00,Cancelled
378,894,57,15,Inspection,8/4/2022,10:57:00,Completed
379,393,278,1,Signing,10/28/2022,14:16:00,Cancelled
380,805,4,67,Inspection,5/21/2022,9:11:00,Scheduled
381,163,195,76,Consultation,5/1/2023,12:22:00,Scheduled
382,338,47,24,Viewing,12/2/2024,8:30:00,Rescheduled
383,657,240,96,Consultation,1/13/2022,9:56:00,Completed
384,202,170,26,Signing,9/7/2024,15:04:00,Completed
385,261,235,1,Viewing,6/3/2023,11:38:00,Scheduled
386,810,68,13,Signing,6/27/2022,14:03:00,Completed
387,659,292,26,Viewing,5/30/2022,17:00:00,Completed
388,738,104,90,Signing,4/12/2022,16:44:00,Completed
389,544,60,105,Viewing,7/1/2023,17:11:00,Scheduled
390,761,62,110,Viewing,5/15/2024,11:01:00,Rescheduled
391,935,291,87,Signing,10/3/2023,13:04:00,Completed
392,160,12,23,Consultation,9/19/2023,12:35:00,Scheduled
393,10,174,117,Inspection,4/8/2022,14:38:00,Completed
394,385,216,69,Consultation,12/30/2022,9:42:00,Rescheduled
395,370,214,31,Viewing,7/20/2023,16:32:00,Scheduled
396,540,217,69,Consultation,6/29/2023,15:27:00,Cancelled
397,949,160,46,Signing,1/16/2023,9:18:00,Rescheduled
398,945,259,30,Inspection,8/23/2023,13:22:00,Scheduled
399,65,84,13,Signing,4/3/2023,10:42:00,Completed
400,729,30,23,Viewing,11/4/2024,17:22:00,Completed
401,297,128,23,Signing,4/6/2024,9:08:00,Completed
402,124,135,32,Viewing,11/7/2022,11:43:00,Completed
403,19,72,69,Signing,7/13/2022,9:52:00,Cancelled
404,290,139,92,Consultation,11/23/2023,14:48:00,Scheduled
405,892,58,23,Signing,5/12/2024,11:11:00,Rescheduled
406,176,177,94,Viewing,3/7/2024,10:37:00,Scheduled
407,291,25,60,Consultation,5/18/2024,17:19:00,Rescheduled
408,176,208,64,Inspection,2/5/2024,17:56:00,Scheduled
409,115,143,28,Consultation,7/19/2024,10:25:00,Cancelled
410,180,76,22,Viewing,8/14/2023,12:25:00,Rescheduled
411,332,204,34,Consultation,12/28/2022,15:00:00,Scheduled
412,381,120,78,Inspection,12/22/2023,10:18:00,Rescheduled
413,776,153,42,Consultation,3/17/2023,9:00:00,Completed
414,426,288,18,Inspection,8/26/2022,12:07:00,Cancelled
415,687,208,12,Signing,12/5/2024,11:53:00,Scheduled
416,837,159,118,Inspection,7/17/2024,11:49:00,Completed
417,421,106,97,Signing,2/21/2023,17:37:00,Cancelled
418,748,103,110,Signing,9/15/2024,14:50:00,Completed
419,462,233,47,Viewing,6/25/2022,8:12:00,Completed
420,654,147,32,Inspection,7/28/2022,8:04:00,Rescheduled
421,975,81,90,Inspection,12/2/2022,11:41:00,Scheduled
422,404,116,37,Consultation,7/23/2024,15:20:00,Rescheduled
423,740,96,92,Consultation,9/14/2022,16:28:00,Completed
424,458,163,74,Signing,8/19/2024,14:04:00,Scheduled
425,247,27,47,Inspection,5/22/2023,12:58:00,Cancelled
426,529,45,7,Inspection,3/11/2023,8:21:00,Cancelled
427,948,110,77,Signing,9/15/2023,10:41:00,Rescheduled
428,264,14,2,Viewing,5/30/2022,10:57:00,Scheduled
429,834,170,43,Consultation,8/26/2022,11:38:00,Completed
430,391,112,87,Inspection,1/24/2022,16:47:00,Scheduled
431,371,280,56,Viewing,1/27/2023,9:40:00,Scheduled
432,815,274,3,Signing,2/19/2022,9:04:00,Scheduled
433,831,276,100,Viewing,1/28/2024,14:38:00,Cancelled
434,277,289,21,Inspection,6/24/2023,9:01:00,Completed
435,406,194,7,Signing,3/14/2024,10:42:00,Cancelled
436,96,62,27,Consultation,12/25/2022,8:32:00,Rescheduled
437,677,236,24,Consultation,4/27/2023,17:21:00,Completed
438,351,11,1,Viewing,7/18/2023,9:42:00,Rescheduled
439,753,50,62,Viewing,5/22/2024,17:57:00,Completed
440,609,104,24,Signing,3/27/2024,9:12:00,Completed
441,964,129,33,Inspection,4/2/2024,10:09:00,Completed
442,585,82,12,Viewing,4/18/2022,9:18:00,Completed
443,409,195,40,Signing,1/13/2022,11:11:00,Cancelled
444,991,287,70,Viewing,1/1/2024,13:43:00,Scheduled
445,431,79,2,Signing,12/24/2022,11:55:00,Scheduled
446,855,166,44,Inspection,1/4/2024,16:39:00,Cancelled
447,320,91,69,Consultation,9/3/2024,10:59:00,Rescheduled
448,4,102,97,Inspection,10/1/2024,15:39:00,Cancelled
449,514,92,111,Viewing,10/17/2022,12:54:00,Completed
450,339,99,63,Viewing,8/6/2024,11:05:00,Completed
451,52,77,90,Inspection,2/25/2024,15:25:00,Cancelled
452,588,43,80,Inspection,5/27/2024,9:18:00,Scheduled
453,126,288,22,Viewing,8/20/2024,17:05:00,Completed
454,91,232,10,Inspection,1/22/2024,11:40:00,Rescheduled
455,786,29,9,Viewing,2/5/2022,8:13:00,Scheduled
456,345,238,53,Signing,2/21/2024,15:19:00,Cancelled
457,670,9,81,Signing,12/22/2022,11:15:00,Rescheduled
458,744,108,89,Viewing,7/14/2023,16:21:00,Completed
459,806,298,32,Viewing,1/27/2023,11:24:00,Cancelled
460,213,258,23,Consultation,7/18/2024,15:59:00,Rescheduled
461,184,117,78,Inspection,9/17/2022,15:38:00,Cancelled
462,289,119,24,Signing,1/3/2024,13:39:00,Rescheduled
463,555,261,8,Signing,7/5/2024,13:37:00,Scheduled
464,127,53,92,Consultation,5/15/2022,11:29:00,Cancelled
465,80,125,64,Viewing,9/22/2024,13:22:00,Rescheduled
466,381,69,46,Viewing,5/17/2023,13:38:00,Scheduled
467,573,224,26,Consultation,3/19/2024,14:21:00,Scheduled
468,740,146,101,Consultation,5/27/2024,16:20:00,Cancelled
469,595,137,14,Consultation,7/20/2023,13:23:00,Rescheduled
470,224,297,84,Viewing,4/24/2023,10:44:00,Scheduled
471,816,7,10,Inspection,2/12/2022,12:33:00,Cancelled
472,69,123,63,Signing,2/25/2024,12:53:00,Completed
473,485,68,103,Viewing,10/21/2024,15:03:00,Completed
474,835,27,71,Consultation,3/19/2023,10:57:00,Cancelled
475,957,247,10,Inspection,9/8/2024,16:48:00,Scheduled
476,840,85,72,Consultation,11/27/2024,13:20:00,Completed
477,709,290,86,Consultation,5/2/2024,10:57:00,Cancelled
478,62,94,39,Consultation,6/16/2023,12:57:00,Scheduled
479,697,76,106,Viewing,5/9/2024,8:21:00,Scheduled
480,277,24,68,Inspection,11/14/2024,17:55:00,Completed
481,637,200,38,Inspection,7/9/2022,14:21:00,Scheduled
482,700,16,69,Consultation,1/22/2023,10:20:00,Completed
483,833,58,72,Inspection,3/27/2023,14:50:00,Cancelled
484,293,219,24,Signing,6/27/2022,17:17:00,Cancelled
485,736,235,7,Consultation,9/15/2022,14:50:00,Scheduled
486,968,167,111,Inspection,11/16/2022,8:12:00,Scheduled
487,994,75,78,Consultation,7/8/2023,10:11:00,Rescheduled
488,881,125,1,Consultation,8/5/2023,15:32:00,Rescheduled
489,606,1,22,Inspection,7/31/2024,12:09:00,Cancelled
490,389,162,81,Signing,3/9/2023,12:10:00,Scheduled
491,818,28,105,Viewing,2/21/2022,9:48:00,Cancelled
492,126,173,34,Viewing,5/11/2024,13:40:00,Completed
493,815,33,105,Consultation,6/19/2023,14:33:00,Completed
494,596,256,111,Inspection,7/20/2022,11:31:00,Rescheduled
495,784,213,46,Inspection,11/25/2023,17:25:00,Cancelled
496,584,191,113,Signing,5/6/2023,12:13:00,Scheduled
497,574,277,58,Inspection,2/10/2022,10:29:00,Completed
498,766,177,64,Viewing,11/20/2022,13:26:00,Completed
499,797,100,69,Consultation,1/16/2022,12:09:00,Scheduled
500,99,194,40,Consultation,3/20/2023,10:28:00,Scheduled
501,905,5,39,Inspection,10/16/2023,17:52:00,Cancelled
502,467,64,16,Inspection,7/25/2023,9:21:00,Scheduled
503,670,257,38,Consultation,2/11/2022,16:48:00,Rescheduled
504,159,29,29,Inspection,4/24/2024,17:37:00,Scheduled
505,9,37,117,Inspection,6/18/2022,10:36:00,Scheduled
506,924,43,97,Consultation,6/7/2024,11:35:00,Scheduled
507,508,79,112,Signing,5/2/2023,17:01:00,Completed
508,502,78,22,Inspection,2/3/2024,16:10:00,Completed
509,671,14,116,Signing,5/3/2023,16:28:00,Cancelled
510,369,55,40,Inspection,8/22/2023,11:21:00,Completed
511,922,44,34,Viewing,4/12/2023,10:58:00,Rescheduled
512,970,208,61,Signing,10/17/2024,8:21:00,Cancelled
513,352,227,115,Consultation,9/4/2024,14:46:00,Completed
514,634,78,15,Consultation,9/28/2022,8:52:00,Cancelled
515,180,169,56,Inspection,12/1/2022,10:24:00,Rescheduled
516,13,230,79,Viewing,5/12/2022,11:22:00,Completed
517,151,247,60,Viewing,8/17/2022,17:04:00,Scheduled
518,111,41,105,Consultation,12/21/2024,10:49:00,Rescheduled
519,871,220,36,Signing,3/15/2022,9:40:00,Scheduled
520,718,268,93,Viewing,8/24/2024,17:31:00,Completed
521,194,16,22,Viewing,9/16/2024,9:06:00,Cancelled
522,185,69,24,Viewing,11/23/2024,17:10:00,Scheduled
523,868,26,42,Consultation,10/8/2022,17:49:00,Cancelled
524,991,39,64,Signing,8/4/2023,13:26:00,Completed
525,573,190,16,Consultation,10/27/2023,17:18:00,Completed
526,109,298,44,Consultation,2/26/2024,13:13:00,Cancelled
527,575,2,86,Consultation,4/11/2024,13:46:00,Cancelled
528,546,120,57,Consultation,10/27/2023,14:29:00,Completed
529,720,136,32,Viewing,4/6/2022,10:34:00,Cancelled
530,241,147,58,Inspection,9/9/2023,9:22:00,Cancelled
531,497,92,93,Inspection,9/5/2024,8:40:00,Scheduled
532,952,203,28,Viewing,9/21/2022,14:55:00,Completed
533,353,213,67,Viewing,3/12/2024,11:43:00,Cancelled
534,552,159,65,Viewing,7/28/2023,9:13:00,Completed
535,318,174,9,Inspection,9/3/2023,9:20:00,Completed
536,147,41,106,Inspection,7/5/2022,14:50:00,Rescheduled
537,12,45,63,Viewing,3/2/2024,12:25:00,Rescheduled
538,958,95,69,Viewing,11/25/2024,11:54:00,Cancelled
539,146,236,2,Consultation,7/5/2024,9:10:00,Completed
540,997,108,118,Consultation,8/9/2023,15:35:00,Cancelled
541,286,296,97,Viewing,5/18/2022,14:02:00,Completed
542,902,216,47,Inspection,3/13/2023,8:00:00,Completed
543,738,12,41,Consultation,10/11/2023,10:37:00,Rescheduled
544,186,168,31,Consultation,12/12/2024,15:57:00,Completed
545,500,86,44,Consultation,2/22/2022,9:41:00,Cancelled
546,160,24,8,Viewing,8/5/2023,11:55:00,Scheduled
547,831,88,8,Inspection,1/19/2022,15:06:00,Rescheduled
548,627,29,7,Inspection,1/22/2023,16:15:00,Rescheduled
549,112,298,30,Consultation,1/7/2023,15:25:00,Scheduled
550,335,263,43,Signing,8/14/2022,17:11:00,Cancelled
551,332,2,103,Inspection,1/11/2024,9:48:00,Scheduled
552,944,71,12,Consultation,1/20/2023,12:40:00,Cancelled
553,397,128,96,Viewing,12/24/2024,16:21:00,Rescheduled
554,819,209,68,Consultation,9/21/2024,15:10:00,Rescheduled
555,434,219,7,Consultation,7/20/2023,16:49:00,Scheduled
556,212,223,28,Viewing,10/31/2024,17:03:00,Rescheduled
557,931,135,63,Viewing,8/30/2022,13:50:00,Completed
558,79,273,34,Signing,3/24/2022,15:35:00,Cancelled
559,646,149,31,Consultation,9/21/2024,17:16:00,Rescheduled
560,692,120,102,Viewing,12/9/2022,15:47:00,Scheduled
561,477,270,101,Consultation,12/25/2023,11:37:00,Scheduled
562,635,59,57,Consultation,3/3/2022,12:21:00,Scheduled
563,838,162,5,Viewing,2/14/2023,15:20:00,Cancelled
564,251,102,10,Inspection,2/24/2022,8:05:00,Rescheduled
565,369,142,115,Viewing,3/16/2022,14:26:00,Rescheduled
566,396,27,77,Viewing,2/5/2024,16:50:00,Rescheduled
567,64,55,17,Viewing,11/20/2022,14:50:00,Cancelled
568,224,235,41,Consultation,6/20/2023,16:46:00,Completed
569,726,145,37,Signing,10/12/2023,16:18:00,Completed
570,297,25,69,Viewing,1/11/2024,16:54:00,Completed
571,992,293,24,Inspection,9/9/2022,9:07:00,Scheduled
572,134,157,108,Signing,1/12/2024,12:23:00,Cancelled
573,904,189,94,Signing,8/10/2023,11:28:00,Scheduled
574,459,166,56,Viewing,4/22/2024,9:36:00,Completed
575,989,172,115,Viewing,10/1/2022,8:22:00,Rescheduled
576,976,192,26,Signing,12/11/2024,17:14:00,Rescheduled
577,65,117,28,Consultation,12/16/2023,15:15:00,Cancelled
578,451,168,41,Inspection,10/17/2023,11:16:00,Scheduled
579,723,27,58,Signing,9/20/2022,13:15:00,Cancelled
580,10,216,25,Signing,10/14/2024,15:17:00,Cancelled
581,961,176,113,Viewing,10/25/2022,9:44:00,Scheduled
582,789,44,90,Consultation,12/20/2022,8:20:00,Rescheduled
583,320,150,2,Viewing,9/21/2024,8:10:00,Completed
584,755,27,55,Signing,8/31/2022,8:19:00,Completed
585,766,98,3,Signing,6/24/2023,14:23:00,Cancelled
586,446,5,114,Viewing,1/3/2022,10:53:00,Rescheduled
587,521,264,109,Viewing,7/1/2024,9:03:00,Rescheduled
588,840,194,22,Signing,3/3/2024,9:36:00,Scheduled
589,418,196,38,Signing,9/22/2024,12:16:00,Rescheduled
590,250,269,47,Signing,2/4/2023,9:24:00,Scheduled
591,457,298,108,Inspection,9/21/2024,12:30:00,Completed
592,826,47,12,Signing,1/8/2024,13:38:00,Completed
593,93,177,3,Inspection,4/14/2024,15:05:00,Cancelled
594,407,159,40,Consultation,9/25/2022,9:44:00,Cancelled
595,366,206,83,Signing,4/16/2024,11:03:00,Scheduled
596,365,102,69,Signing,12/12/2022,11:38:00,Completed
597,46,49,63,Consultation,6/11/2023,10:05:00,Rescheduled
598,651,24,52,Inspection,12/7/2023,17:12:00,Completed
599,565,71,95,Signing,12/24/2023,13:27:00,Cancelled
600,870,179,57,Viewing,9/23/2022,15:38:00,Completed
601,769,265,57,Viewing,3/21/2022,15:52:00,Cancelled
602,688,221,46,Consultation,4/19/2024,10:08:00,Completed
603,990,96,58,Viewing,7/7/2023,10:36:00,Completed
604,201,220,17,Consultation,11/3/2023,12:51:00,Cancelled
605,64,244,11,Viewing,11/7/2023,16:41:00,Rescheduled
606,752,110,69,Consultation,1/27/2022,8:00:00,Scheduled
607,974,17,91,Consultation,6/4/2023,11:15:00,Scheduled
608,318,1,73,Inspection,9/18/2022,9:55:00,Rescheduled
609,173,116,68,Viewing,7/16/2023,17:21:00,Cancelled
610,714,157,62,Viewing,5/22/2022,15:17:00,Scheduled
611,892,17,115,Inspection,7/25/2023,10:52:00,Cancelled
612,181,154,39,Signing,4/29/2024,11:45:00,Scheduled
613,616,210,17,Consultation,6/26/2024,17:40:00,Completed
614,637,210,27,Viewing,9/11/2022,15:27:00,Completed
615,325,42,77,Signing,10/17/2023,16:42:00,Cancelled
616,492,94,19,Inspection,6/19/2022,9:47:00,Rescheduled
617,234,25,12,Inspection,3/12/2023,15:43:00,Cancelled
618,168,23,53,Consultation,4/17/2024,10:48:00,Scheduled
619,199,3,43,Inspection,2/10/2024,8:10:00,Rescheduled
620,805,119,17,Consultation,4/23/2023,15:09:00,Completed
621,102,74,17,Inspection,1/5/2023,9:56:00,Completed
622,333,229,37,Signing,5/12/2024,12:33:00,Scheduled
623,817,209,103,Inspection,5/1/2022,16:03:00,Cancelled
624,771,250,99,Inspection,3/14/2024,9:19:00,Completed
625,854,187,61,Consultation,5/1/2024,11:20:00,Rescheduled
626,22,144,2,Viewing,10/25/2024,9:22:00,Cancelled
627,804,13,46,Consultation,12/31/2023,11:08:00,Scheduled
628,333,114,57,Viewing,10/11/2023,12:09:00,Cancelled
629,388,225,40,Viewing,11/25/2023,15:41:00,Scheduled
630,924,135,95,Signing,5/21/2022,15:24:00,Completed
631,690,69,41,Signing,5/9/2022,10:11:00,Scheduled
632,974,94,120,Consultation,10/27/2022,14:35:00,Scheduled
633,555,49,26,Signing,12/17/2023,11:23:00,Rescheduled
634,941,176,99,Consultation,9/27/2022,11:13:00,Scheduled
635,743,70,88,Inspection,4/25/2022,12:22:00,Rescheduled
636,477,292,45,Inspection,6/28/2024,9:43:00,Completed
637,738,223,56,Inspection,2/25/2024,12:32:00,Completed
638,248,162,63,Viewing,9/14/2024,12:33:00,Cancelled
639,880,76,113,Inspection,4/12/2022,17:08:00,Rescheduled
640,157,231,34,Consultation,5/31/2023,17:45:00,Rescheduled
641,156,199,29,Inspection,2/7/2022,16:30:00,Cancelled
642,598,274,52,Viewing,6/12/2024,13:35:00,Rescheduled
643,703,39,42,Viewing,9/18/2024,10:20:00,Cancelled
644,784,89,71,Consultation,7/11/2023,9:24:00,Rescheduled
645,146,42,29,Signing,11/20/2024,12:50:00,Scheduled
646,872,259,54,Signing,1/24/2023,8:31:00,Rescheduled
647,466,155,34,Viewing,3/30/2022,14:31:00,Cancelled
648,869,135,38,Signing,3/17/2022,15:37:00,Rescheduled
649,740,273,46,Viewing,2/6/2023,13:36:00,Rescheduled
650,867,257,31,Viewing,11/28/2022,14:53:00,Scheduled
651,470,149,44,Viewing,10/28/2024,8:12:00,Completed
652,612,208,27,Consultation,10/21/2023,11:51:00,Rescheduled
653,724,200,7,Viewing,8/3/2022,14:29:00,Completed
654,19,136,8,Consultation,6/24/2023,12:18:00,Cancelled
655,199,255,92,Viewing,11/18/2024,13:18:00,Completed
656,635,101,94,Signing,3/8/2023,16:09:00,Rescheduled
657,139,282,96,Inspection,7/9/2024,11:28:00,Completed
658,486,142,17,Viewing,5/12/2022,11:20:00,Scheduled
659,607,167,92,Viewing,8/20/2024,8:58:00,Completed
660,774,227,47,Viewing,12/15/2022,14:46:00,Scheduled
661,642,214,60,Viewing,7/7/2023,14:30:00,Completed
662,356,61,49,Signing,1/28/2024,17:01:00,Rescheduled
663,642,12,5,Signing,4/17/2024,16:27:00,Rescheduled
664,488,148,61,Consultation,4/11/2022,11:33:00,Rescheduled
665,474,98,25,Inspection,11/6/2024,9:46:00,Scheduled
666,411,192,55,Inspection,10/22/2024,11:35:00,Rescheduled
667,496,283,49,Consultation,5/5/2024,17:39:00,Cancelled
668,29,138,28,Signing,3/12/2022,16:10:00,Scheduled
669,896,293,22,Viewing,6/12/2024,10:54:00,Completed
670,981,125,83,Signing,9/25/2023,11:12:00,Completed
671,765,79,26,Inspection,4/8/2022,17:27:00,Scheduled
672,770,171,85,Signing,9/15/2022,11:56:00,Rescheduled
673,495,283,19,Inspection,3/30/2023,11:45:00,Rescheduled
674,703,106,111,Viewing,10/5/2022,13:19:00,Rescheduled
675,128,296,113,Signing,2/26/2022,13:39:00,Cancelled
676,64,212,87,Inspection,3/5/2024,13:22:00,Scheduled
677,648,62,33,Inspection,6/16/2024,9:58:00,Scheduled
678,125,277,97,Consultation,8/11/2023,11:41:00,Cancelled
679,24,254,75,Consultation,12/23/2022,17:45:00,Rescheduled
680,326,176,13,Inspection,1/15/2023,16:41:00,Scheduled
681,394,176,93,Consultation,2/15/2024,17:09:00,Completed
682,393,249,51,Consultation,12/8/2023,16:34:00,Rescheduled
683,880,114,90,Inspection,6/2/2022,14:45:00,Scheduled
684,94,219,75,Viewing,3/27/2024,12:22:00,Rescheduled
685,366,278,22,Consultation,6/14/2024,9:13:00,Cancelled
686,229,218,88,Signing,3/14/2022,17:05:00,Scheduled
687,656,191,73,Viewing,9/25/2023,15:57:00,Rescheduled
688,603,18,72,Viewing,11/6/2023,16:05:00,Completed
689,413,41,9,Viewing,4/15/2023,8:26:00,Cancelled
690,381,230,61,Inspection,7/20/2024,9:45:00,Rescheduled
691,255,241,43,Consultation,6/2/2024,13:19:00,Rescheduled
692,475,19,108,Inspection,6/4/2023,13:27:00,Cancelled
693,243,173,21,Signing,1/20/2024,13:28:00,Scheduled
694,630,272,66,Consultation,1/28/2022,13:38:00,Scheduled
695,120,24,5,Inspection,3/19/2024,15:02:00,Cancelled
696,849,284,7,Inspection,2/19/2023,9:04:00,Rescheduled
697,662,122,13,Inspection,1/25/2024,8:44:00,Completed
698,28,212,47,Consultation,7/17/2023,9:02:00,Completed
699,549,15,94,Inspection,3/30/2022,8:24:00,Completed
700,953,18,99,Consultation,5/24/2024,9:59:00,Scheduled
701,53,185,112,Consultation,10/28/2022,11:44:00,Rescheduled
702,567,217,68,Viewing,10/8/2024,8:13:00,Completed
703,431,273,66,Consultation,5/26/2022,13:19:00,Cancelled
704,954,120,94,Consultation,3/10/2022,10:36:00,Cancelled
705,662,249,66,Viewing,1/27/2022,15:50:00,Rescheduled
706,964,166,24,Inspection,5/22/2024,8:22:00,Rescheduled
707,95,38,90,Viewing,8/18/2024,11:32:00,Rescheduled
708,838,137,90,Inspection,6/1/2023,9:44:00,Scheduled
709,995,51,28,Viewing,3/14/2022,17:41:00,Rescheduled
710,971,80,97,Consultation,3/28/2022,12:36:00,Cancelled
711,875,9,30,Inspection,2/7/2023,8:43:00,Cancelled
712,415,247,44,Viewing,2/14/2022,12:26:00,Rescheduled
713,678,147,33,Inspection,7/7/2023,15:51:00,Cancelled
714,721,71,80,Signing,2/20/2023,15:04:00,Scheduled
715,881,146,26,Signing,6/17/2022,9:57:00,Completed
716,881,113,45,Consultation,2/11/2023,13:40:00,Scheduled
717,566,284,51,Viewing,3/29/2024,10:28:00,Cancelled
718,669,72,78,Signing,1/29/2024,8:10:00,Cancelled
719,65,213,61,Consultation,7/12/2022,14:56:00,Completed
720,29,81,109,Viewing,6/27/2024,17:20:00,Completed
721,11,146,15,Consultation,5/2/2024,11:51:00,Scheduled
722,846,91,37,Inspection,1/1/2022,15:30:00,Scheduled
723,498,13,39,Inspection,12/2/2024,15:20:00,Completed
724,501,21,2,Inspection,4/12/2022,15:01:00,Scheduled
725,856,112,69,Viewing,9/29/2022,14:46:00,Rescheduled
726,525,12,63,Viewing,2/7/2023,16:12:00,Completed
727,338,249,61,Consultation,7/20/2023,11:30:00,Rescheduled
728,571,272,69,Signing,1/26/2023,11:42:00,Scheduled
729,338,112,43,Viewing,10/29/2024,17:51:00,Rescheduled
730,407,262,51,Viewing,1/7/2022,11:56:00,Rescheduled
731,197,132,65,Inspection,3/6/2023,10:26:00,Cancelled
732,225,234,21,Signing,2/12/2023,11:20:00,Completed
733,862,290,14,Consultation,4/25/2023,15:48:00,Scheduled
734,42,277,101,Viewing,6/19/2024,16:25:00,Rescheduled
735,100,32,15,Viewing,8/9/2023,16:11:00,Rescheduled
736,594,262,12,Viewing,8/23/2022,16:34:00,Completed
737,165,52,25,Viewing,11/6/2023,9:04:00,Completed
738,323,267,95,Consultation,11/16/2024,15:30:00,Cancelled
739,1,179,84,Signing,12/27/2022,10:42:00,Cancelled
740,826,7,73,Inspection,9/10/2022,10:07:00,Scheduled
741,729,58,67,Signing,8/29/2022,12:02:00,Rescheduled
742,820,63,85,Viewing,12/25/2022,17:52:00,Rescheduled
743,933,104,106,Viewing,11/4/2023,16:25:00,Rescheduled
744,782,226,13,Consultation,7/5/2022,11:44:00,Completed
745,993,70,29,Inspection,2/14/2023,13:29:00,Completed
746,602,233,25,Signing,1/1/2023,17:27:00,Completed
747,893,143,90,Viewing,1/2/2022,10:08:00,Rescheduled
748,841,214,71,Inspection,3/13/2024,14:31:00,Completed
749,378,268,11,Inspection,8/25/2023,9:30:00,Completed
750,730,63,44,Inspection,5/17/2023,17:24:00,Completed
751,551,115,27,Consultation,8/29/2023,11:10:00,Completed
752,91,85,32,Viewing,8/16/2023,11:37:00,Scheduled
753,518,79,74,Signing,7/16/2022,13:07:00,Scheduled
754,120,118,52,Consultation,10/20/2023,9:06:00,Completed
755,907,271,46,Signing,11/22/2024,15:59:00,Rescheduled
756,495,204,65,Consultation,3/18/2023,9:04:00,Completed
757,436,228,39,Signing,11/28/2024,17:13:00,Scheduled
758,872,1,91,Signing,9/10/2022,10:39:00,Completed
759,531,110,76,Signing,10/1/2024,11:23:00,Cancelled
760,683,200,101,Signing,7/4/2024,17:28:00,Cancelled
761,814,300,76,Viewing,9/9/2024,12:29:00,Completed
762,937,165,43,Viewing,9/22/2024,9:34:00,Completed
763,712,174,29,Consultation,11/14/2024,15:17:00,Scheduled
764,592,202,110,Inspection,2/19/2022,9:31:00,Cancelled
765,429,113,68,Consultation,1/31/2024,11:35:00,Completed
766,556,73,83,Viewing,5/23/2022,8:33:00,Scheduled
767,118,111,105,Signing,10/10/2022,11:09:00,Completed
768,359,215,93,Inspection,2/5/2023,14:58:00,Rescheduled
769,14,180,40,Signing,3/1/2024,9:27:00,Scheduled
770,264,165,69,Consultation,3/4/2024,8:12:00,Completed
771,265,219,109,Signing,8/30/2024,13:07:00,Completed
772,101,117,62,Viewing,10/22/2024,17:42:00,Rescheduled
773,380,134,11,Viewing,3/31/2024,9:54:00,Cancelled
774,539,44,4,Signing,2/3/2023,15:49:00,Completed
775,518,38,16,Consultation,2/2/2022,15:22:00,Cancelled
776,196,22,14,Inspection,1/16/2023,10:38:00,Rescheduled
777,11,26,8,Viewing,10/2/2022,15:00:00,Rescheduled
778,42,109,3,Viewing,4/14/2024,8:16:00,Scheduled
779,17,72,44,Viewing,4/11/2022,13:36:00,Completed
780,272,122,114,Consultation,2/1/2024,10:14:00,Rescheduled
781,113,56,94,Signing,4/16/2024,8:35:00,Rescheduled
782,59,216,100,Signing,10/19/2023,13:27:00,Completed
783,949,189,62,Signing,12/9/2022,17:15:00,Cancelled
784,690,44,51,Viewing,9/12/2024,16:35:00,Rescheduled
785,593,230,77,Viewing,9/7/2024,9:09:00,Rescheduled
786,444,100,93,Viewing,2/21/2022,12:58:00,Scheduled
787,503,258,67,Viewing,8/28/2024,14:19:00,Completed
788,840,80,112,Inspection,10/22/2024,12:50:00,Completed
789,365,116,98,Inspection,2/6/2022,12:11:00,Completed
790,506,109,65,Signing,10/21/2024,12:00:00,Rescheduled
791,358,66,105,Consultation,11/10/2022,17:56:00,Cancelled
792,83,283,13,Viewing,3/1/2024,15:29:00,Completed
793,860,65,63,Consultation,6/27/2024,10:04:00,Scheduled
794,610,237,26,Signing,1/3/2022,15:14:00,Rescheduled
795,825,31,26,Viewing,1/22/2024,10:58:00,Rescheduled
796,577,146,54,Inspection,6/30/2024,10:54:00,Scheduled
797,299,135,43,Consultation,11/24/2023,12:40:00,Scheduled
798,238,84,3,Viewing,11/18/2024,16:51:00,Rescheduled
799,473,164,16,Signing,8/14/2022,13:58:00,Completed
800,27,162,55,Viewing,3/10/2022,9:51:00,Completed
801,884,110,38,Signing,7/19/2023,12:56:00,Rescheduled
802,358,49,50,Viewing,9/25/2023,8:59:00,Cancelled
803,868,201,113,Signing,2/28/2022,17:17:00,Rescheduled
804,409,103,7,Viewing,9/1/2023,16:21:00,Cancelled
805,758,18,114,Signing,11/7/2022,10:05:00,Completed
806,9,200,34,Viewing,10/26/2024,9:23:00,Completed
807,10,48,23,Signing,6/30/2023,14:20:00,Completed
808,715,213,52,Viewing,11/5/2024,15:31:00,Scheduled
809,482,145,58,Inspection,8/29/2022,13:15:00,Completed
810,945,185,78,Inspection,3/16/2023,8:40:00,Completed
811,623,246,14,Signing,9/1/2023,10:26:00,Completed
812,585,280,66,Signing,2/2/2023,14:38:00,Cancelled
813,579,79,37,Signing,3/9/2023,12:21:00,Cancelled
814,731,200,52,Viewing,8/17/2024,8:23:00,Completed
815,820,26,113,Consultation,11/18/2022,10:33:00,Scheduled
816,973,295,34,Consultation,1/10/2023,12:41:00,Rescheduled
817,215,260,61,Viewing,9/11/2022,10:17:00,Cancelled
818,556,207,5,Signing,9/28/2024,13:37:00,Cancelled
819,332,174,35,Inspection,11/13/2023,13:09:00,Completed
820,5,272,92,Viewing,1/15/2022,14:45:00,Completed
821,303,100,74,Viewing,10/29/2024,16:26:00,Cancelled
822,783,267,62,Signing,12/10/2022,16:44:00,Completed
823,59,242,52,Inspection,5/12/2023,8:04:00,Completed
824,551,242,31,Signing,2/27/2022,11:50:00,Rescheduled
825,49,23,8,Inspection,8/16/2024,15:46:00,Rescheduled
826,360,47,102,Consultation,5/26/2024,14:30:00,Completed
827,466,103,25,Inspection,6/20/2022,12:38:00,Completed
828,41,237,99,Inspection,1/23/2024,9:24:00,Rescheduled
829,763,118,43,Signing,8/10/2024,14:32:00,Cancelled
830,867,127,14,Signing,4/12/2023,14:22:00,Cancelled
831,600,175,79,Consultation,10/6/2023,14:56:00,Completed
832,798,195,112,Signing,6/27/2023,17:10:00,Rescheduled
833,188,63,74,Viewing,7/22/2022,9:20:00,Scheduled
834,365,241,29,Consultation,10/15/2022,13:01:00,Completed
835,632,19,34,Inspection,11/9/2023,8:11:00,Cancelled
836,412,163,99,Viewing,7/5/2022,9:24:00,Cancelled
837,971,177,34,Consultation,1/11/2024,11:15:00,Rescheduled
838,980,113,46,Viewing,10/11/2024,15:24:00,Completed
839,641,23,54,Inspection,2/14/2023,11:56:00,Rescheduled
840,661,186,47,Inspection,4/16/2024,12:44:00,Completed
841,51,77,38,Consultation,12/27/2022,13:08:00,Scheduled
842,815,208,15,Consultation,6/8/2023,11:21:00,Completed
843,255,196,4,Signing,6/15/2022,16:37:00,Completed
844,493,72,34,Viewing,8/9/2024,17:42:00,Rescheduled
845,627,58,53,Inspection,9/23/2023,9:44:00,Rescheduled
846,893,14,89,Consultation,3/4/2024,13:10:00,Rescheduled
847,110,115,76,Signing,8/16/2022,15:26:00,Completed
848,851,55,26,Viewing,8/30/2023,16:06:00,Completed
849,484,274,94,Viewing,8/4/2024,16:58:00,Rescheduled
850,663,60,19,Consultation,11/18/2022,17:42:00,Rescheduled
851,918,84,118,Viewing,10/5/2024,11:08:00,Cancelled
852,340,140,85,Signing,1/27/2023,9:23:00,Rescheduled
853,860,137,79,Consultation,3/14/2023,12:16:00,Scheduled
854,825,192,56,Signing,11/18/2024,16:47:00,Scheduled
855,777,177,75,Signing,11/4/2024,12:30:00,Scheduled
856,126,134,114,Inspection,10/28/2024,9:07:00,Scheduled
857,879,294,18,Inspection,7/16/2022,11:10:00,Scheduled
858,609,54,56,Inspection,8/17/2024,10:54:00,Scheduled
859,381,188,54,Inspection,6/17/2024,14:25:00,Scheduled
860,514,275,89,Viewing,8/30/2023,10:40:00,Scheduled
861,644,165,6,Signing,5/27/2023,14:01:00,Completed
862,760,266,17,Consultation,12/9/2022,10:48:00,Rescheduled
863,265,240,11,Consultation,1/13/2022,8:22:00,Cancelled
864,988,287,34,Signing,3/15/2024,16:37:00,Rescheduled
865,285,65,116,Viewing,6/21/2024,8:40:00,Rescheduled
866,265,163,18,Signing,9/11/2022,11:58:00,Cancelled
867,470,195,40,Signing,4/7/2022,8:18:00,Cancelled
868,687,295,43,Inspection,2/22/2023,8:25:00,Scheduled
869,51,173,59,Viewing,1/9/2024,9:52:00,Cancelled
870,134,231,5,Signing,7/23/2022,13:52:00,Completed
871,105,253,57,Consultation,12/3/2022,12:43:00,Scheduled
872,626,58,115,Signing,7/10/2024,9:17:00,Rescheduled
873,65,126,59,Inspection,3/21/2024,9:15:00,Rescheduled
874,710,84,93,Signing,7/31/2022,12:15:00,Scheduled
875,284,254,15,Inspection,6/2/2023,8:39:00,Cancelled
876,367,173,38,Consultation,11/15/2022,10:13:00,Rescheduled
877,194,190,38,Consultation,3/20/2023,12:43:00,Cancelled
878,773,176,82,Viewing,11/7/2022,10:51:00,Scheduled
879,425,23,60,Signing,4/15/2023,11:04:00,Rescheduled
880,253,160,49,Inspection,5/31/2024,17:59:00,Scheduled
881,476,54,11,Inspection,4/12/2022,14:10:00,Cancelled
882,78,296,25,Inspection,5/10/2023,17:23:00,Completed
883,863,6,7,Inspection,12/11/2024,11:28:00,Cancelled
884,210,211,97,Consultation,12/27/2024,9:58:00,Completed
885,531,202,13,Inspection,9/28/2022,13:27:00,Scheduled
886,337,108,37,Consultation,6/19/2022,17:29:00,Cancelled
887,822,256,91,Signing,6/19/2023,15:15:00,Cancelled
888,193,47,7,Inspection,10/30/2022,12:21:00,Scheduled
889,622,210,51,Viewing,1/24/2024,15:25:00,Completed
890,299,31,57,Viewing,2/15/2022,10:55:00,Rescheduled
891,788,118,80,Consultation,7/21/2022,15:02:00,Rescheduled
892,934,205,12,Consultation,1/25/2024,17:41:00,Cancelled
893,510,261,68,Consultation,6/18/2023,15:51:00,Cancelled
894,297,291,35,Signing,3/18/2022,9:58:00,Completed
895,860,48,25,Inspection,9/20/2023,15:35:00,Scheduled
896,811,214,57,Signing,2/13/2022,15:01:00,Scheduled
897,188,272,79,Viewing,6/19/2023,14:42:00,Rescheduled
898,217,102,26,Viewing,9/7/2022,12:15:00,Scheduled
899,35,298,4,Inspection,6/4/2022,15:45:00,Scheduled
900,729,54,39,Consultation,9/22/2024,12:13:00,Completed
901,608,184,47,Consultation,4/13/2024,15:13:00,Scheduled
902,140,177,58,Viewing,11/6/2024,15:21:00,Cancelled
903,159,233,78,Signing,1/31/2022,11:59:00,Rescheduled
904,34,237,42,Inspection,2/4/2023,12:53:00,Completed
905,224,49,72,Signing,9/3/2023,12:39:00,Scheduled
906,240,136,9,Inspection,5/5/2023,8:26:00,Scheduled
907,680,239,49,Consultation,2/18/2022,8:26:00,Scheduled
908,616,40,58,Inspection,5/9/2024,13:34:00,Completed
909,227,101,22,Viewing,8/31/2022,17:17:00,Cancelled
910,857,134,11,Consultation,9/22/2024,14:02:00,Completed
911,632,206,54,Consultation,3/19/2023,15:56:00,Scheduled
912,961,297,105,Consultation,10/7/2023,13:27:00,Cancelled
913,576,12,112,Signing,8/1/2024,9:07:00,Rescheduled
914,990,104,102,Consultation,4/9/2022,16:41:00,Cancelled
915,622,279,19,Inspection,7/30/2023,17:48:00,Completed
916,856,174,29,Inspection,11/1/2022,9:57:00,Rescheduled
917,440,113,67,Consultation,4/20/2022,17:56:00,Rescheduled
918,904,102,26,Inspection,1/30/2023,10:08:00,Scheduled
919,798,288,85,Viewing,2/10/2024,10:51:00,Scheduled
920,512,241,59,Consultation,11/5/2024,14:10:00,Rescheduled
921,698,54,30,Inspection,6/9/2023,16:04:00,Completed
922,999,208,28,Consultation,2/3/2024,11:58:00,Scheduled
923,717,73,82,Inspection,4/2/2023,13:50:00,Scheduled
924,62,228,91,Consultation,5/26/2024,17:58:00,Completed
925,824,208,82,Inspection,8/11/2022,14:32:00,Scheduled
926,63,267,40,Signing,4/21/2024,17:31:00,Scheduled
927,283,289,32,Consultation,1/17/2022,13:07:00,Rescheduled
928,606,146,23,Viewing,3/14/2022,14:55:00,Completed
929,10,271,51,Consultation,4/22/2022,8:39:00,Completed
930,289,266,91,Signing,10/7/2023,15:45:00,Scheduled
931,152,124,62,Consultation,12/16/2024,9:50:00,Completed
932,516,194,94,Inspection,2/6/2023,13:30:00,Scheduled
933,435,140,18,Signing,9/2/2023,13:39:00,Scheduled
934,208,139,105,Viewing,9/27/2024,17:17:00,Cancelled
935,483,267,57,Consultation,8/19/2024,8:27:00,Completed
936,490,27,68,Inspection,5/22/2023,10:23:00,Scheduled
937,471,206,81,Inspection,5/3/2024,8:56:00,Scheduled
938,133,237,18,Consultation,5/12/2022,8:51:00,Cancelled
939,211,167,88,Viewing,11/5/2024,8:10:00,Cancelled
940,208,264,43,Signing,12/14/2023,14:36:00,Scheduled
941,852,167,29,Viewing,8/20/2023,9:21:00,Cancelled
942,356,253,43,Signing,6/15/2024,12:29:00,Cancelled
943,237,163,89,Signing,8/20/2022,8:05:00,Scheduled
944,54,174,113,Inspection,3/10/2022,9:09:00,Rescheduled
945,731,112,97,Viewing,11/2/2022,17:53:00,Scheduled
946,804,256,9,Consultation,6/19/2022,15:27:00,Rescheduled
947,293,88,113,Consultation,8/26/2023,15:46:00,Completed
948,417,13,55,Signing,11/16/2022,12:43:00,Rescheduled
949,268,299,45,Viewing,9/12/2022,8:24:00,Completed
950,454,187,102,Signing,3/7/2023,11:15:00,Rescheduled
951,149,182,106,Inspection,1/2/2022,14:58:00,Completed
952,458,202,86,Signing,2/17/2023,10:19:00,Completed
953,547,111,25,Viewing,3/3/2024,12:26:00,Completed
954,380,88,97,Signing,11/19/2024,14:22:00,Scheduled
955,942,222,72,Signing,10/16/2022,12:41:00,Scheduled
956,945,231,54,Signing,3/24/2022,14:14:00,Completed
957,401,133,40,Signing,11/21/2023,13:58:00,Cancelled
958,257,152,46,Inspection,11/28/2024,9:30:00,Completed
959,746,240,33,Consultation,1/30/2024,13:19:00,Rescheduled
960,232,186,93,Signing,9/9/2022,16:49:00,Completed
961,763,142,116,Viewing,5/24/2024,17:22:00,Rescheduled
962,805,106,81,Consultation,11/15/2022,17:57:00,Cancelled
963,825,87,38,Viewing,11/20/2022,11:36:00,Completed
964,603,38,93,Consultation,3/12/2023,11:12:00,Completed
965,338,12,90,Viewing,5/17/2023,8:04:00,Cancelled
966,598,19,58,Inspection,7/13/2024,12:23:00,Cancelled
967,111,81,63,Viewing,7/13/2022,11:29:00,Rescheduled
968,1000,121,14,Signing,6/24/2024,8:33:00,Rescheduled
969,320,187,83,Inspection,10/29/2023,8:28:00,Rescheduled
970,88,136,34,Viewing,6/22/2023,12:52:00,Rescheduled
971,18,226,103,Inspection,5/24/2024,13:10:00,Scheduled
972,874,163,82,Viewing,10/12/2022,8:41:00,Completed
973,789,116,30,Inspection,1/24/2023,11:55:00,Rescheduled
974,431,5,70,Signing,2/16/2023,10:40:00,Scheduled
975,283,85,12,Consultation,7/24/2023,17:04:00,Completed
976,75,31,40,Signing,10/22/2023,9:30:00,Scheduled
977,23,132,72,Viewing,4/8/2024,9:57:00,Cancelled
978,490,11,78,Viewing,5/11/2022,13:17:00,Completed
979,45,118,2,Inspection,8/28/2024,15:22:00,Cancelled
980,255,39,68,Inspection,2/27/2022,12:30:00,Scheduled
981,339,85,99,Signing,8/30/2024,8:19:00,Scheduled
982,140,287,29,Viewing,12/22/2024,14:11:00,Cancelled
983,83,11,40,Inspection,9/26/2022,16:01:00,Cancelled
984,544,149,40,Viewing,8/17/2023,8:52:00,Completed
985,232,74,69,Inspection,9/14/2023,10:35:00,Scheduled
986,784,89,105,Signing,10/10/2023,8:17:00,Rescheduled
987,763,73,37,Consultation,7/5/2022,16:04:00,Scheduled
988,12,56,68,Signing,10/12/2023,12:23:00,Completed
989,867,191,80,Inspection,10/26/2022,14:03:00,Scheduled
990,954,215,66,Signing,2/29/2024,12:21:00,Rescheduled
991,708,234,14,Inspection,1/4/2023,11:55:00,Cancelled
992,773,94,37,Inspection,11/20/2024,11:35:00,Cancelled
993,978,130,2,Viewing,3/11/2022,17:59:00,Rescheduled
994,197,158,82,Consultation,1/21/2023,11:12:00,Rescheduled
995,441,104,60,Inspection,9/17/2023,15:20:00,Scheduled
996,954,184,93,Inspection,10/23/2023,8:12:00,Rescheduled
997,510,159,65,Signing,6/1/2023,12:02:00,Rescheduled
998,585,265,61,Signing,3/9/2024,12:40:00,Completed
999,461,277,83,Viewing,5/21/2022,12:46:00,Completed
1000,669,187,37,Signing,3/17/2024,15:00:00,Rescheduled
