feature_id,condition,garden,pet_allowed,gym,bbq_grill,open_rooftop,indoor_laundry
1,Good,TRUE,FALSE,FALSE,TRUE,FALSE,FALSE
2,Good,TRUE,FALSE,TRUE,TRUE,FALSE,TRUE
3,Good,TRUE,FALSE,FALSE,TRUE,TRUE,TRUE
4,Fair,FALSE,TRUE,TRUE,FALSE,FALSE,TRUE
5,Good,TRUE,TRUE,TRUE,FALSE,FALSE,FALSE
6,Good,FALSE,TRUE,TRUE,FALSE,TRUE,TRUE
7,Good,FALSE,FALSE,TRUE,FALSE,TRUE,TRUE
8,Bad,FALSE,FALSE,FALSE,TRUE,TRUE,FALSE
9,Bad,TRUE,FALSE,TRUE,FALSE,FALSE,TRUE
10,Good,TRUE,TRUE,TRUE,TRUE,FALSE,FALSE
11,Good,TRUE,FALSE,TRUE,TRUE,FALSE,TRUE
12,Bad,FALSE,TRUE,TRUE,TRUE,FALSE,FALSE
13,Excellent,TRUE,TRUE,TRUE,FALSE,FALSE,TRUE
14,Excellent,FALSE,FALSE,TRUE,TRUE,FALSE,TRUE
15,Good,TRUE,TRUE,TRUE,TRUE,FALSE,TRUE
16,Bad,TRUE,FALSE,TRUE,TRUE,TRUE,TRUE
17,Good,FALSE,FALSE,TRUE,TRUE,TRUE,FALSE
18,Good,FALSE,FALSE,FALSE,TRUE,TRUE,FALSE
19,Good,FALSE,TRUE,FALSE,FALSE,FALSE,TRUE
20,Good,TRUE,TRUE,TRUE,FALSE,FALSE,TRUE
21,Bad,FALSE,TRUE,FALSE,FALSE,TRUE,FALSE
22,Good,TRUE,FALSE,FALSE,FALSE,TRUE,FALSE
23,Good,FALSE,FALSE,TRUE,TRUE,TRUE,FALSE
24,Good,TRUE,TRUE,FALSE,TRUE,TRUE,FALSE
25,Good,TRUE,FALSE,TRUE,FALSE,FALSE,TRUE
26,Good,FALSE,FALSE,FALSE,FALSE,TRUE,TRUE
27,Good,FALSE,FALSE,TRUE,FALSE,TRUE,TRUE
28,Good,FALSE,TRUE,TRUE,TRUE,TRUE,TRUE
29,Good,FALSE,FALSE,FALSE,FALSE,FALSE,TRUE
30,Good,FALSE,FALSE,TRUE,TRUE,TRUE,FALSE
31,Fair,FALSE,TRUE,FALSE,FALSE,FALSE,FALSE
32,Good,FALSE,TRUE,FALSE,TRUE,FALSE,FALSE
33,Fair,TRUE,TRUE,TRUE,FALSE,TRUE,TRUE
34,Bad,TRUE,TRUE,TRUE,FALSE,TRUE,FALSE
35,Fair,TRUE,FALSE,TRUE,FALSE,TRUE,TRUE
36,Fair,TRUE,TRUE,FALSE,FALSE,TRUE,FALSE
37,Fair,FALSE,TRUE,TRUE,FALSE,TRUE,FALSE
38,Excellent,TRUE,FALSE,FALSE,TRUE,FALSE,TRUE
39,Bad,TRUE,FALSE,FALSE,FALSE,TRUE,TRUE
40,Excellent,TRUE,FALSE,FALSE,FALSE,TRUE,FALSE
41,Excellent,FALSE,TRUE,TRUE,TRUE,TRUE,TRUE
42,Good,FALSE,TRUE,FALSE,TRUE,FALSE,TRUE
43,Fair,FALSE,TRUE,TRUE,TRUE,FALSE,TRUE
44,Bad,TRUE,TRUE,TRUE,TRUE,TRUE,TRUE
45,Fair,TRUE,FALSE,FALSE,FALSE,FALSE,TRUE
46,Good,TRUE,TRUE,FALSE,TRUE,TRUE,FALSE
47,Good,TRUE,TRUE,FALSE,FALSE,FALSE,FALSE
48,Good,FALSE,TRUE,FALSE,FALSE,TRUE,TRUE
49,Excellent,FALSE,FALSE,FALSE,TRUE,FALSE,FALSE
50,Good,TRUE,FALSE,FALSE,FALSE,FALSE,FALSE
51,Good,TRUE,TRUE,FALSE,TRUE,TRUE,TRUE
52,Good,TRUE,TRUE,TRUE,TRUE,FALSE,FALSE
53,Good,FALSE,TRUE,TRUE,FALSE,FALSE,FALSE
54,Fair,TRUE,FALSE,TRUE,TRUE,FALSE,TRUE
55,Bad,FALSE,TRUE,FALSE,FALSE,FALSE,TRUE
56,Good,FALSE,TRUE,TRUE,TRUE,FALSE,TRUE
57,Good,FALSE,TRUE,FALSE,FALSE,FALSE,TRUE
58,Good,TRUE,TRUE,TRUE,FALSE,TRUE,FALSE
59,Good,TRUE,FALSE,TRUE,FALSE,FALSE,FALSE
60,Excellent,TRUE,TRUE,FALSE,FALSE,FALSE,FALSE
61,Good,TRUE,TRUE,FALSE,FALSE,FALSE,FALSE
62,Good,FALSE,TRUE,TRUE,TRUE,FALSE,TRUE
63,Fair,FALSE,TRUE,FALSE,FALSE,TRUE,FALSE
64,Good,TRUE,TRUE,TRUE,TRUE,FALSE,FALSE
65,Good,TRUE,FALSE,TRUE,FALSE,FALSE,FALSE
66,Excellent,TRUE,FALSE,TRUE,FALSE,FALSE,FALSE
67,Bad,FALSE,FALSE,FALSE,FALSE,TRUE,FALSE
68,Bad,TRUE,FALSE,FALSE,FALSE,FALSE,TRUE
69,Good,FALSE,FALSE,FALSE,FALSE,FALSE,TRUE
70,Excellent,TRUE,FALSE,FALSE,FALSE,FALSE,FALSE
71,Good,FALSE,FALSE,TRUE,TRUE,TRUE,TRUE
72,Good,FALSE,TRUE,TRUE,FALSE,FALSE,FALSE
73,Bad,TRUE,TRUE,FALSE,TRUE,TRUE,TRUE
74,Bad,TRUE,TRUE,TRUE,TRUE,FALSE,FALSE
75,Good,TRUE,TRUE,FALSE,FALSE,FALSE,FALSE
76,Good,TRUE,FALSE,TRUE,FALSE,FALSE,FALSE
77,Good,FALSE,FALSE,FALSE,FALSE,FALSE,FALSE
78,Good,FALSE,TRUE,FALSE,TRUE,TRUE,TRUE
79,Fair,FALSE,TRUE,TRUE,TRUE,TRUE,FALSE
80,Excellent,TRUE,FALSE,TRUE,TRUE,TRUE,FALSE
81,Good,TRUE,TRUE,FALSE,FALSE,FALSE,TRUE
82,Good,FALSE,FALSE,TRUE,TRUE,FALSE,TRUE
83,Good,FALSE,TRUE,FALSE,FALSE,FALSE,FALSE
84,Good,FALSE,TRUE,FALSE,TRUE,TRUE,FALSE
85,Bad,FALSE,TRUE,FALSE,TRUE,FALSE,FALSE
86,Good,FALSE,TRUE,TRUE,TRUE,FALSE,FALSE
87,Good,FALSE,TRUE,TRUE,TRUE,FALSE,TRUE
88,Good,TRUE,FALSE,FALSE,TRUE,FALSE,FALSE
89,Good,FALSE,FALSE,FALSE,TRUE,FALSE,TRUE
90,Good,FALSE,TRUE,TRUE,TRUE,FALSE,FALSE
91,Good,FALSE,FALSE,TRUE,TRUE,TRUE,TRUE
92,Good,FALSE,FALSE,FALSE,FALSE,TRUE,FALSE
93,Good,TRUE,FALSE,FALSE,TRUE,FALSE,FALSE
94,Bad,FALSE,TRUE,FALSE,FALSE,FALSE,FALSE
95,Excellent,TRUE,TRUE,TRUE,TRUE,FALSE,TRUE
96,Good,FALSE,FALSE,TRUE,FALSE,FALSE,TRUE
97,Good,TRUE,FALSE,FALSE,FALSE,TRUE,FALSE
98,Good,TRUE,TRUE,FALSE,TRUE,TRUE,FALSE
99,Good,TRUE,FALSE,FALSE,FALSE,TRUE,TRUE
100,Bad,FALSE,FALSE,TRUE,FALSE,TRUE,TRUE
101,Excellent,TRUE,FALSE,TRUE,FALSE,TRUE,TRUE
102,Good,FALSE,FALSE,TRUE,FALSE,TRUE,TRUE
103,Good,FALSE,TRUE,FALSE,FALSE,FALSE,FALSE
104,Good,FALSE,TRUE,FALSE,TRUE,TRUE,FALSE
105,Good,FALSE,FALSE,TRUE,TRUE,TRUE,FALSE
106,Good,FALSE,TRUE,FALSE,TRUE,FALSE,TRUE
107,Bad,TRUE,TRUE,TRUE,TRUE,FALSE,TRUE
108,Good,FALSE,TRUE,TRUE,FALSE,FALSE,TRUE
109,Bad,FALSE,FALSE,FALSE,TRUE,FALSE,FALSE
110,Good,TRUE,TRUE,FALSE,FALSE,TRUE,TRUE
111,Good,FALSE,FALSE,FALSE,TRUE,TRUE,TRUE
112,Excellent,FALSE,TRUE,TRUE,FALSE,FALSE,FALSE
113,Good,FALSE,TRUE,FALSE,FALSE,FALSE,TRUE
114,Excellent,TRUE,TRUE,FALSE,FALSE,TRUE,TRUE
115,Good,TRUE,FALSE,TRUE,TRUE,FALSE,FALSE
116,Good,TRUE,TRUE,FALSE,FALSE,TRUE,TRUE
117,Good,TRUE,TRUE,FALSE,FALSE,TRUE,FALSE
118,Good,FALSE,FALSE,FALSE,FALSE,TRUE,TRUE
119,Bad,FALSE,FALSE,TRUE,FALSE,FALSE,FALSE
120,Good,TRUE,TRUE,FALSE,TRUE,FALSE,FALSE
121,Excellent,FALSE,FALSE,FALSE,TRUE,TRUE,FALSE
122,Good,TRUE,FALSE,FALSE,FALSE,FALSE,TRUE
123,Good,TRUE,FALSE,TRUE,FALSE,TRUE,FALSE
124,Good,TRUE,TRUE,TRUE,FALSE,FALSE,FALSE
125,Good,TRUE,TRUE,FALSE,FALSE,FALSE,FALSE
126,Good,FALSE,FALSE,FALSE,TRUE,FALSE,TRUE
127,Fair,FALSE,TRUE,TRUE,FALSE,TRUE,FALSE
128,Good,FALSE,TRUE,TRUE,FALSE,TRUE,FALSE
129,Good,TRUE,FALSE,TRUE,TRUE,FALSE,TRUE
130,Good,TRUE,FALSE,FALSE,FALSE,TRUE,TRUE
131,Fair,FALSE,TRUE,FALSE,FALSE,FALSE,TRUE
132,Good,FALSE,FALSE,TRUE,FALSE,TRUE,FALSE
133,Good,FALSE,FALSE,TRUE,FALSE,FALSE,FALSE
134,Good,FALSE,FALSE,TRUE,TRUE,FALSE,FALSE
135,Fair,TRUE,TRUE,FALSE,FALSE,TRUE,TRUE
136,Good,TRUE,FALSE,TRUE,FALSE,TRUE,FALSE
137,Good,FALSE,FALSE,FALSE,FALSE,TRUE,TRUE
138,Bad,FALSE,TRUE,TRUE,TRUE,TRUE,FALSE
139,Bad,FALSE,TRUE,FALSE,FALSE,FALSE,TRUE
140,Good,TRUE,TRUE,FALSE,FALSE,TRUE,FALSE
141,Good,TRUE,TRUE,FALSE,FALSE,TRUE,TRUE
142,Excellent,FALSE,FALSE,TRUE,TRUE,TRUE,TRUE
143,Good,TRUE,TRUE,TRUE,TRUE,TRUE,TRUE
144,Good,TRUE,FALSE,FALSE,TRUE,FALSE,FALSE
145,Good,TRUE,TRUE,FALSE,TRUE,TRUE,TRUE
146,Good,TRUE,FALSE,FALSE,TRUE,FALSE,FALSE
147,Good,FALSE,TRUE,TRUE,FALSE,TRUE,TRUE
148,Good,FALSE,TRUE,TRUE,FALSE,FALSE,FALSE
149,Good,FALSE,TRUE,TRUE,FALSE,TRUE,FALSE
150,Good,TRUE,TRUE,FALSE,TRUE,TRUE,FALSE
151,Good,TRUE,TRUE,TRUE,TRUE,FALSE,FALSE
152,Good,FALSE,FALSE,FALSE,TRUE,TRUE,TRUE
153,Good,FALSE,TRUE,FALSE,FALSE,TRUE,TRUE
154,Excellent,TRUE,TRUE,FALSE,FALSE,TRUE,FALSE
155,Good,FALSE,FALSE,TRUE,FALSE,FALSE,FALSE
156,Good,TRUE,TRUE,FALSE,FALSE,TRUE,TRUE
157,Good,TRUE,FALSE,TRUE,FALSE,FALSE,FALSE
158,Good,TRUE,TRUE,TRUE,FALSE,FALSE,FALSE
159,Bad,FALSE,FALSE,TRUE,FALSE,TRUE,FALSE
160,Good,TRUE,TRUE,FALSE,TRUE,TRUE,FALSE
161,Fair,FALSE,TRUE,FALSE,FALSE,TRUE,TRUE
162,Good,FALSE,FALSE,FALSE,FALSE,TRUE,FALSE
163,Good,FALSE,FALSE,FALSE,FALSE,FALSE,TRUE
164,Good,FALSE,TRUE,FALSE,FALSE,TRUE,TRUE
165,Good,TRUE,TRUE,TRUE,FALSE,FALSE,FALSE
166,Excellent,FALSE,FALSE,FALSE,TRUE,TRUE,TRUE
167,Excellent,TRUE,FALSE,FALSE,TRUE,TRUE,TRUE
168,Good,FALSE,TRUE,TRUE,FALSE,TRUE,FALSE
169,Good,TRUE,FALSE,FALSE,TRUE,FALSE,TRUE
170,Good,TRUE,TRUE,TRUE,FALSE,FALSE,TRUE
171,Good,TRUE,FALSE,TRUE,TRUE,FALSE,FALSE
172,Bad,FALSE,FALSE,TRUE,TRUE,TRUE,TRUE
173,Bad,TRUE,FALSE,TRUE,TRUE,FALSE,FALSE
174,Bad,TRUE,FALSE,TRUE,FALSE,TRUE,FALSE
175,Good,FALSE,TRUE,TRUE,FALSE,FALSE,TRUE
176,Good,FALSE,FALSE,FALSE,FALSE,TRUE,FALSE
177,Good,TRUE,FALSE,FALSE,FALSE,FALSE,FALSE
178,Good,FALSE,TRUE,TRUE,TRUE,FALSE,TRUE
179,Good,FALSE,TRUE,FALSE,FALSE,TRUE,FALSE
180,Good,FALSE,FALSE,FALSE,TRUE,FALSE,FALSE
181,Fair,FALSE,TRUE,FALSE,FALSE,TRUE,TRUE
182,Good,TRUE,TRUE,FALSE,FALSE,FALSE,FALSE
183,Good,TRUE,FALSE,TRUE,TRUE,TRUE,TRUE
184,Good,TRUE,FALSE,TRUE,TRUE,TRUE,TRUE
185,Good,TRUE,TRUE,FALSE,TRUE,TRUE,FALSE
186,Good,FALSE,FALSE,FALSE,FALSE,TRUE,FALSE
187,Bad,TRUE,FALSE,TRUE,TRUE,FALSE,TRUE
188,Bad,FALSE,FALSE,FALSE,TRUE,FALSE,FALSE
189,Good,FALSE,FALSE,TRUE,FALSE,TRUE,TRUE
190,Good,FALSE,TRUE,TRUE,TRUE,TRUE,TRUE
191,Good,TRUE,TRUE,TRUE,TRUE,FALSE,FALSE
192,Bad,FALSE,TRUE,FALSE,TRUE,TRUE,FALSE
193,Good,FALSE,TRUE,FALSE,FALSE,TRUE,TRUE
194,Good,FALSE,TRUE,TRUE,FALSE,TRUE,TRUE
195,Good,TRUE,TRUE,FALSE,FALSE,TRUE,TRUE
196,Good,FALSE,TRUE,FALSE,TRUE,TRUE,FALSE
197,Fair,FALSE,FALSE,TRUE,FALSE,TRUE,FALSE
198,Good,FALSE,TRUE,FALSE,FALSE,FALSE,TRUE
199,Good,TRUE,TRUE,TRUE,FALSE,FALSE,FALSE
200,Good,TRUE,FALSE,FALSE,FALSE,TRUE,FALSE
201,Fair,FALSE,TRUE,FALSE,TRUE,TRUE,FALSE
202,Good,FALSE,FALSE,FALSE,TRUE,FALSE,FALSE
203,Fair,FALSE,FALSE,TRUE,FALSE,FALSE,FALSE
204,Excellent,TRUE,FALSE,TRUE,TRUE,FALSE,FALSE
205,Excellent,FALSE,TRUE,TRUE,TRUE,FALSE,TRUE
206,Good,FALSE,FALSE,FALSE,FALSE,FALSE,TRUE
207,Excellent,FALSE,FALSE,TRUE,FALSE,TRUE,TRUE
208,Good,TRUE,FALSE,TRUE,TRUE,TRUE,TRUE
209,Good,TRUE,TRUE,FALSE,TRUE,FALSE,FALSE
210,Good,TRUE,TRUE,FALSE,FALSE,FALSE,TRUE
211,Fair,FALSE,TRUE,TRUE,TRUE,TRUE,TRUE
212,Excellent,FALSE,TRUE,FALSE,TRUE,FALSE,FALSE
213,Good,TRUE,TRUE,FALSE,FALSE,TRUE,TRUE
214,Good,FALSE,TRUE,FALSE,TRUE,FALSE,FALSE
215,Excellent,FALSE,FALSE,FALSE,FALSE,FALSE,TRUE
216,Fair,FALSE,FALSE,TRUE,FALSE,FALSE,FALSE
217,Good,FALSE,FALSE,TRUE,FALSE,FALSE,FALSE
218,Good,FALSE,FALSE,FALSE,TRUE,FALSE,TRUE
219,Excellent,FALSE,TRUE,TRUE,TRUE,FALSE,TRUE
220,Good,FALSE,TRUE,FALSE,FALSE,TRUE,FALSE
221,Good,FALSE,TRUE,FALSE,FALSE,TRUE,TRUE
222,Good,TRUE,TRUE,FALSE,FALSE,FALSE,TRUE
223,Excellent,TRUE,TRUE,FALSE,FALSE,TRUE,TRUE
224,Good,FALSE,TRUE,TRUE,TRUE,FALSE,FALSE
225,Fair,FALSE,TRUE,TRUE,FALSE,TRUE,TRUE
226,Excellent,TRUE,FALSE,FALSE,TRUE,TRUE,FALSE
227,Excellent,FALSE,TRUE,FALSE,TRUE,FALSE,TRUE
228,Good,TRUE,FALSE,FALSE,TRUE,FALSE,FALSE
229,Good,TRUE,FALSE,FALSE,FALSE,TRUE,FALSE
230,Good,TRUE,FALSE,TRUE,TRUE,TRUE,FALSE
231,Good,FALSE,TRUE,FALSE,FALSE,FALSE,TRUE
232,Fair,TRUE,TRUE,TRUE,TRUE,FALSE,TRUE
233,Good,FALSE,TRUE,TRUE,TRUE,FALSE,TRUE
234,Good,FALSE,FALSE,FALSE,FALSE,TRUE,TRUE
235,Good,FALSE,TRUE,FALSE,FALSE,FALSE,TRUE
236,Good,TRUE,FALSE,FALSE,FALSE,TRUE,TRUE
237,Good,TRUE,FALSE,TRUE,TRUE,FALSE,FALSE
238,Good,TRUE,FALSE,TRUE,FALSE,TRUE,TRUE
239,Fair,TRUE,FALSE,TRUE,FALSE,TRUE,TRUE
240,Good,FALSE,TRUE,TRUE,FALSE,TRUE,TRUE
241,Good,TRUE,TRUE,TRUE,FALSE,FALSE,TRUE
242,Good,TRUE,FALSE,TRUE,TRUE,TRUE,FALSE
243,Good,TRUE,TRUE,FALSE,TRUE,FALSE,FALSE
244,Fair,FALSE,FALSE,FALSE,TRUE,FALSE,TRUE
245,Good,FALSE,FALSE,TRUE,TRUE,FALSE,TRUE
246,Good,TRUE,TRUE,TRUE,FALSE,TRUE,FALSE
247,Excellent,FALSE,TRUE,FALSE,FALSE,TRUE,FALSE
248,Excellent,TRUE,TRUE,FALSE,TRUE,TRUE,TRUE
249,Good,FALSE,FALSE,FALSE,FALSE,TRUE,TRUE
250,Good,FALSE,FALSE,TRUE,TRUE,TRUE,TRUE
251,Good,TRUE,FALSE,TRUE,FALSE,TRUE,FALSE
252,Good,TRUE,FALSE,FALSE,TRUE,FALSE,TRUE
253,Good,FALSE,FALSE,TRUE,FALSE,TRUE,TRUE
254,Fair,TRUE,TRUE,FALSE,FALSE,TRUE,TRUE
255,Good,FALSE,TRUE,FALSE,FALSE,TRUE,FALSE
256,Good,FALSE,TRUE,FALSE,FALSE,FALSE,FALSE
257,Good,TRUE,FALSE,FALSE,TRUE,TRUE,FALSE
258,Good,TRUE,TRUE,TRUE,FALSE,FALSE,FALSE
259,Good,TRUE,FALSE,TRUE,TRUE,FALSE,TRUE
260,Good,TRUE,FALSE,FALSE,TRUE,TRUE,TRUE
261,Good,TRUE,FALSE,FALSE,TRUE,TRUE,FALSE
262,Good,TRUE,FALSE,FALSE,TRUE,TRUE,TRUE
263,Good,TRUE,TRUE,FALSE,FALSE,FALSE,FALSE
264,Bad,TRUE,TRUE,TRUE,TRUE,TRUE,FALSE
265,Good,FALSE,FALSE,FALSE,FALSE,TRUE,TRUE
266,Good,FALSE,TRUE,FALSE,FALSE,FALSE,TRUE
267,Good,FALSE,FALSE,TRUE,TRUE,TRUE,FALSE
268,Excellent,TRUE,FALSE,FALSE,FALSE,TRUE,FALSE
269,Bad,TRUE,TRUE,FALSE,TRUE,FALSE,FALSE
270,Good,TRUE,FALSE,TRUE,FALSE,TRUE,FALSE
271,Good,FALSE,TRUE,TRUE,FALSE,TRUE,FALSE
272,Good,FALSE,TRUE,TRUE,TRUE,TRUE,FALSE
273,Good,FALSE,FALSE,FALSE,FALSE,TRUE,FALSE
274,Fair,FALSE,TRUE,TRUE,FALSE,FALSE,TRUE
275,Good,TRUE,FALSE,FALSE,TRUE,TRUE,TRUE
276,Fair,TRUE,FALSE,TRUE,TRUE,TRUE,FALSE
277,Excellent,TRUE,TRUE,FALSE,FALSE,FALSE,FALSE
278,Good,TRUE,FALSE,TRUE,TRUE,FALSE,TRUE
279,Fair,TRUE,FALSE,FALSE,FALSE,FALSE,FALSE
280,Good,FALSE,FALSE,FALSE,TRUE,FALSE,TRUE
281,Fair,FALSE,TRUE,FALSE,FALSE,FALSE,TRUE
282,Good,TRUE,FALSE,FALSE,FALSE,TRUE,TRUE
283,Bad,FALSE,TRUE,TRUE,TRUE,FALSE,FALSE
284,Good,TRUE,FALSE,TRUE,TRUE,FALSE,FALSE
285,Good,FALSE,FALSE,FALSE,FALSE,FALSE,TRUE
286,Good,TRUE,FALSE,FALSE,TRUE,FALSE,FALSE
287,Good,TRUE,FALSE,TRUE,FALSE,TRUE,FALSE
288,Good,FALSE,FALSE,TRUE,TRUE,TRUE,FALSE
289,Good,FALSE,TRUE,TRUE,TRUE,FALSE,FALSE
290,Good,TRUE,TRUE,FALSE,FALSE,FALSE,TRUE
291,Good,FALSE,TRUE,FALSE,FALSE,FALSE,TRUE
292,Excellent,FALSE,TRUE,FALSE,FALSE,TRUE,TRUE
293,Bad,TRUE,TRUE,FALSE,FALSE,FALSE,TRUE
294,Good,TRUE,FALSE,FALSE,FALSE,FALSE,TRUE
295,Good,FALSE,FALSE,FALSE,FALSE,TRUE,FALSE
296,Excellent,FALSE,TRUE,FALSE,FALSE,FALSE,TRUE
297,Good,TRUE,TRUE,FALSE,FALSE,FALSE,TRUE
298,Good,TRUE,FALSE,FALSE,FALSE,TRUE,TRUE
299,Good,FALSE,TRUE,TRUE,FALSE,FALSE,TRUE
300,Good,TRUE,FALSE,FALSE,TRUE,TRUE,FALSE
301,Excellent,FALSE,FALSE,FALSE,TRUE,FALSE,FALSE
302,Good,FALSE,FALSE,FALSE,FALSE,FALSE,TRUE
303,Good,FALSE,FALSE,FALSE,FALSE,FALSE,TRUE
304,Good,FALSE,FALSE,TRUE,TRUE,TRUE,TRUE
305,Good,TRUE,TRUE,TRUE,FALSE,TRUE,FALSE
306,Good,FALSE,FALSE,FALSE,FALSE,FALSE,FALSE
307,Good,TRUE,TRUE,FALSE,TRUE,FALSE,FALSE
308,Excellent,TRUE,FALSE,FALSE,TRUE,FALSE,TRUE
309,Excellent,FALSE,FALSE,TRUE,TRUE,TRUE,TRUE
310,Good,TRUE,TRUE,FALSE,FALSE,FALSE,TRUE
311,Excellent,FALSE,TRUE,TRUE,FALSE,TRUE,TRUE
312,Good,FALSE,FALSE,FALSE,TRUE,FALSE,FALSE
313,Bad,FALSE,TRUE,FALSE,TRUE,FALSE,FALSE
314,Good,TRUE,TRUE,TRUE,TRUE,TRUE,FALSE
315,Bad,FALSE,TRUE,TRUE,TRUE,TRUE,FALSE
316,Good,TRUE,TRUE,FALSE,FALSE,FALSE,FALSE
317,Bad,TRUE,TRUE,FALSE,FALSE,TRUE,TRUE
318,Good,FALSE,TRUE,TRUE,FALSE,TRUE,FALSE
319,Good,FALSE,TRUE,FALSE,TRUE,FALSE,FALSE
320,Bad,TRUE,FALSE,FALSE,TRUE,TRUE,TRUE
321,Bad,FALSE,FALSE,FALSE,TRUE,FALSE,TRUE
322,Good,TRUE,FALSE,TRUE,TRUE,FALSE,FALSE
323,Fair,TRUE,FALSE,FALSE,TRUE,TRUE,FALSE
324,Excellent,TRUE,TRUE,FALSE,FALSE,FALSE,FALSE
325,Good,FALSE,FALSE,FALSE,TRUE,FALSE,TRUE
326,Good,TRUE,FALSE,FALSE,TRUE,TRUE,TRUE
327,Excellent,TRUE,TRUE,FALSE,TRUE,FALSE,FALSE
328,Fair,FALSE,FALSE,TRUE,TRUE,TRUE,TRUE
329,Bad,TRUE,FALSE,FALSE,FALSE,FALSE,TRUE
330,Good,FALSE,FALSE,TRUE,FALSE,FALSE,FALSE
331,Fair,FALSE,FALSE,TRUE,FALSE,TRUE,FALSE
332,Bad,TRUE,TRUE,TRUE,FALSE,FALSE,TRUE
333,Good,TRUE,FALSE,TRUE,FALSE,TRUE,TRUE
334,Bad,TRUE,FALSE,TRUE,TRUE,FALSE,FALSE
335,Good,FALSE,TRUE,FALSE,FALSE,FALSE,TRUE
336,Good,TRUE,FALSE,TRUE,FALSE,FALSE,FALSE
337,Good,FALSE,FALSE,TRUE,FALSE,FALSE,TRUE
338,Good,TRUE,FALSE,FALSE,TRUE,FALSE,FALSE
339,Good,TRUE,TRUE,TRUE,FALSE,TRUE,FALSE
340,Fair,TRUE,FALSE,FALSE,FALSE,FALSE,FALSE
341,Good,FALSE,FALSE,TRUE,TRUE,TRUE,FALSE
342,Excellent,FALSE,FALSE,FALSE,FALSE,FALSE,TRUE
343,Good,FALSE,TRUE,FALSE,TRUE,TRUE,FALSE
344,Fair,FALSE,FALSE,TRUE,FALSE,FALSE,FALSE
345,Excellent,FALSE,FALSE,TRUE,TRUE,TRUE,FALSE
346,Good,TRUE,TRUE,TRUE,TRUE,TRUE,TRUE
347,Fair,FALSE,TRUE,TRUE,TRUE,FALSE,TRUE
348,Good,TRUE,TRUE,TRUE,TRUE,TRUE,FALSE
349,Bad,FALSE,TRUE,FALSE,FALSE,TRUE,FALSE
350,Fair,FALSE,FALSE,TRUE,TRUE,FALSE,FALSE
351,Good,TRUE,TRUE,FALSE,FALSE,TRUE,TRUE
352,Good,TRUE,TRUE,TRUE,TRUE,FALSE,FALSE
353,Good,TRUE,FALSE,FALSE,TRUE,FALSE,FALSE
354,Good,TRUE,TRUE,TRUE,FALSE,TRUE,TRUE
355,Good,FALSE,TRUE,TRUE,TRUE,TRUE,TRUE
356,Excellent,TRUE,TRUE,FALSE,TRUE,TRUE,FALSE
357,Good,TRUE,TRUE,FALSE,FALSE,TRUE,FALSE
358,Good,TRUE,FALSE,TRUE,TRUE,FALSE,TRUE
359,Good,TRUE,TRUE,FALSE,FALSE,TRUE,FALSE
360,Good,TRUE,TRUE,TRUE,TRUE,FALSE,FALSE
361,Good,FALSE,FALSE,FALSE,FALSE,FALSE,FALSE
362,Good,FALSE,FALSE,FALSE,FALSE,FALSE,TRUE
363,Good,FALSE,TRUE,TRUE,TRUE,FALSE,TRUE
364,Good,TRUE,TRUE,TRUE,TRUE,TRUE,FALSE
365,Good,FALSE,FALSE,TRUE,TRUE,FALSE,TRUE
366,Fair,TRUE,FALSE,TRUE,TRUE,TRUE,FALSE
367,Good,FALSE,FALSE,FALSE,FALSE,FALSE,TRUE
368,Bad,FALSE,TRUE,FALSE,TRUE,FALSE,TRUE
369,Good,TRUE,TRUE,FALSE,TRUE,TRUE,FALSE
370,Good,FALSE,FALSE,FALSE,FALSE,FALSE,FALSE
371,Good,FALSE,FALSE,TRUE,TRUE,TRUE,FALSE
372,Bad,TRUE,FALSE,TRUE,TRUE,FALSE,TRUE
373,Good,FALSE,FALSE,FALSE,TRUE,TRUE,FALSE
374,Good,TRUE,FALSE,FALSE,TRUE,FALSE,FALSE
375,Excellent,TRUE,TRUE,TRUE,FALSE,FALSE,TRUE
376,Good,TRUE,TRUE,FALSE,TRUE,FALSE,FALSE
377,Good,TRUE,TRUE,FALSE,FALSE,FALSE,TRUE
378,Good,TRUE,FALSE,FALSE,FALSE,FALSE,FALSE
379,Fair,FALSE,TRUE,FALSE,FALSE,TRUE,FALSE
380,Good,FALSE,TRUE,TRUE,FALSE,TRUE,TRUE
381,Excellent,TRUE,TRUE,TRUE,FALSE,FALSE,FALSE
382,Good,FALSE,TRUE,FALSE,TRUE,TRUE,TRUE
383,Excellent,TRUE,FALSE,TRUE,TRUE,FALSE,FALSE
384,Good,FALSE,FALSE,TRUE,FALSE,TRUE,TRUE
385,Good,FALSE,FALSE,TRUE,TRUE,FALSE,TRUE
386,Bad,TRUE,TRUE,FALSE,TRUE,FALSE,TRUE
387,Good,FALSE,TRUE,FALSE,FALSE,TRUE,FALSE
388,Good,TRUE,TRUE,FALSE,TRUE,TRUE,FALSE
389,Fair,FALSE,TRUE,TRUE,FALSE,TRUE,TRUE
390,Good,TRUE,FALSE,FALSE,TRUE,FALSE,FALSE
391,Excellent,TRUE,FALSE,TRUE,TRUE,TRUE,TRUE
392,Good,TRUE,TRUE,TRUE,FALSE,FALSE,FALSE
393,Bad,TRUE,TRUE,TRUE,TRUE,TRUE,TRUE
394,Good,TRUE,TRUE,FALSE,FALSE,FALSE,TRUE
395,Good,FALSE,FALSE,TRUE,TRUE,TRUE,FALSE
396,Good,FALSE,FALSE,FALSE,TRUE,TRUE,FALSE
397,Good,TRUE,TRUE,FALSE,TRUE,TRUE,TRUE
398,Good,FALSE,TRUE,FALSE,TRUE,TRUE,FALSE
399,Bad,FALSE,TRUE,TRUE,FALSE,FALSE,TRUE
400,Fair,FALSE,FALSE,TRUE,FALSE,TRUE,TRUE
401,Good,FALSE,TRUE,FALSE,TRUE,FALSE,FALSE
402,Good,FALSE,TRUE,FALSE,FALSE,TRUE,TRUE
403,Bad,TRUE,TRUE,FALSE,FALSE,FALSE,FALSE
404,Good,TRUE,FALSE,FALSE,FALSE,FALSE,TRUE
405,Good,TRUE,TRUE,FALSE,TRUE,FALSE,FALSE
406,Good,FALSE,FALSE,TRUE,TRUE,TRUE,FALSE
407,Good,FALSE,TRUE,FALSE,TRUE,FALSE,TRUE
408,Good,TRUE,FALSE,FALSE,FALSE,FALSE,TRUE
409,Good,FALSE,FALSE,TRUE,FALSE,FALSE,FALSE
410,Good,FALSE,FALSE,TRUE,TRUE,TRUE,FALSE
411,Bad,FALSE,TRUE,FALSE,TRUE,TRUE,TRUE
412,Fair,TRUE,FALSE,TRUE,FALSE,TRUE,FALSE
413,Good,FALSE,TRUE,FALSE,TRUE,TRUE,FALSE
414,Excellent,TRUE,TRUE,TRUE,FALSE,TRUE,FALSE
415,Good,TRUE,FALSE,FALSE,FALSE,TRUE,FALSE
416,Good,TRUE,FALSE,FALSE,FALSE,FALSE,TRUE
417,Good,TRUE,TRUE,TRUE,FALSE,FALSE,TRUE
418,Fair,TRUE,TRUE,TRUE,TRUE,FALSE,TRUE
419,Excellent,FALSE,TRUE,FALSE,TRUE,FALSE,FALSE
420,Good,FALSE,FALSE,TRUE,FALSE,FALSE,TRUE
421,Good,TRUE,TRUE,TRUE,TRUE,TRUE,FALSE
422,Excellent,FALSE,TRUE,FALSE,TRUE,FALSE,TRUE
423,Good,TRUE,FALSE,FALSE,FALSE,FALSE,FALSE
424,Fair,FALSE,FALSE,TRUE,FALSE,TRUE,TRUE
425,Good,FALSE,FALSE,FALSE,FALSE,TRUE,FALSE
426,Good,FALSE,FALSE,TRUE,FALSE,TRUE,FALSE
427,Good,FALSE,FALSE,FALSE,TRUE,FALSE,TRUE
428,Good,FALSE,TRUE,FALSE,TRUE,FALSE,TRUE
429,Good,TRUE,FALSE,TRUE,TRUE,FALSE,FALSE
430,Fair,FALSE,FALSE,FALSE,TRUE,FALSE,FALSE
431,Fair,TRUE,FALSE,TRUE,TRUE,FALSE,FALSE
432,Excellent,FALSE,FALSE,FALSE,FALSE,FALSE,TRUE
433,Good,TRUE,FALSE,TRUE,TRUE,FALSE,TRUE
434,Good,FALSE,TRUE,TRUE,TRUE,FALSE,TRUE
435,Good,TRUE,FALSE,TRUE,TRUE,TRUE,TRUE
436,Fair,FALSE,TRUE,FALSE,TRUE,TRUE,FALSE
437,Bad,FALSE,TRUE,TRUE,FALSE,FALSE,FALSE
438,Excellent,FALSE,FALSE,TRUE,FALSE,TRUE,FALSE
439,Good,TRUE,FALSE,TRUE,FALSE,TRUE,TRUE
440,Good,FALSE,FALSE,FALSE,TRUE,FALSE,TRUE
441,Good,TRUE,TRUE,FALSE,FALSE,FALSE,FALSE
442,Good,TRUE,FALSE,TRUE,FALSE,FALSE,FALSE
443,Excellent,FALSE,TRUE,FALSE,TRUE,FALSE,FALSE
444,Fair,TRUE,TRUE,TRUE,TRUE,TRUE,TRUE
445,Good,TRUE,TRUE,FALSE,TRUE,FALSE,FALSE
446,Good,FALSE,TRUE,TRUE,FALSE,TRUE,FALSE
447,Good,FALSE,FALSE,FALSE,TRUE,TRUE,FALSE
448,Excellent,FALSE,FALSE,TRUE,FALSE,TRUE,FALSE
449,Bad,TRUE,FALSE,TRUE,FALSE,FALSE,TRUE
450,Bad,FALSE,TRUE,TRUE,FALSE,FALSE,FALSE
451,Good,TRUE,FALSE,FALSE,FALSE,FALSE,TRUE
452,Excellent,TRUE,FALSE,FALSE,FALSE,FALSE,TRUE
453,Good,FALSE,FALSE,TRUE,TRUE,TRUE,TRUE
454,Good,TRUE,FALSE,TRUE,TRUE,TRUE,FALSE
455,Good,FALSE,FALSE,TRUE,TRUE,FALSE,FALSE
456,Good,TRUE,FALSE,FALSE,TRUE,TRUE,FALSE
457,Bad,TRUE,FALSE,FALSE,TRUE,TRUE,TRUE
458,Good,TRUE,FALSE,FALSE,FALSE,TRUE,TRUE
459,Good,FALSE,FALSE,FALSE,TRUE,FALSE,FALSE
460,Good,TRUE,TRUE,FALSE,TRUE,TRUE,FALSE
461,Excellent,FALSE,FALSE,FALSE,FALSE,TRUE,FALSE
462,Fair,FALSE,FALSE,TRUE,TRUE,TRUE,FALSE
463,Good,TRUE,TRUE,TRUE,TRUE,TRUE,TRUE
464,Fair,TRUE,TRUE,FALSE,FALSE,TRUE,TRUE
465,Fair,FALSE,FALSE,FALSE,FALSE,FALSE,FALSE
466,Good,FALSE,FALSE,TRUE,TRUE,FALSE,TRUE
467,Good,TRUE,TRUE,TRUE,FALSE,FALSE,TRUE
468,Good,TRUE,TRUE,FALSE,TRUE,FALSE,TRUE
469,Good,TRUE,FALSE,TRUE,TRUE,TRUE,TRUE
470,Good,TRUE,TRUE,FALSE,TRUE,FALSE,TRUE
471,Excellent,FALSE,FALSE,TRUE,FALSE,TRUE,FALSE
472,Fair,FALSE,TRUE,FALSE,FALSE,TRUE,TRUE
473,Excellent,TRUE,FALSE,TRUE,FALSE,FALSE,TRUE
474,Good,FALSE,FALSE,FALSE,TRUE,FALSE,FALSE
475,Good,TRUE,FALSE,TRUE,FALSE,FALSE,FALSE
476,Good,FALSE,TRUE,TRUE,FALSE,FALSE,FALSE
477,Bad,TRUE,TRUE,FALSE,FALSE,TRUE,FALSE
478,Good,FALSE,TRUE,TRUE,TRUE,TRUE,FALSE
479,Excellent,TRUE,TRUE,TRUE,FALSE,FALSE,FALSE
480,Bad,FALSE,TRUE,FALSE,TRUE,FALSE,TRUE
481,Bad,FALSE,FALSE,TRUE,TRUE,FALSE,TRUE
482,Good,FALSE,TRUE,FALSE,TRUE,FALSE,FALSE
483,Good,FALSE,TRUE,FALSE,FALSE,FALSE,TRUE
484,Good,TRUE,FALSE,TRUE,TRUE,TRUE,FALSE
485,Good,FALSE,FALSE,FALSE,FALSE,FALSE,FALSE
486,Good,TRUE,FALSE,FALSE,FALSE,TRUE,FALSE
487,Good,FALSE,FALSE,FALSE,FALSE,TRUE,FALSE
488,Good,TRUE,FALSE,TRUE,TRUE,FALSE,FALSE
489,Good,TRUE,TRUE,FALSE,TRUE,TRUE,TRUE
490,Good,FALSE,TRUE,TRUE,TRUE,TRUE,FALSE
491,Good,FALSE,FALSE,TRUE,TRUE,TRUE,FALSE
492,Good,TRUE,FALSE,FALSE,TRUE,FALSE,TRUE
493,Good,FALSE,FALSE,FALSE,FALSE,FALSE,FALSE
494,Good,FALSE,FALSE,TRUE,TRUE,TRUE,FALSE
495,Good,FALSE,FALSE,FALSE,FALSE,FALSE,TRUE
496,Good,FALSE,TRUE,FALSE,FALSE,FALSE,FALSE
497,Good,FALSE,FALSE,FALSE,TRUE,FALSE,TRUE
498,Good,TRUE,FALSE,TRUE,TRUE,FALSE,FALSE
499,Good,FALSE,FALSE,TRUE,FALSE,FALSE,FALSE
500,Good,FALSE,FALSE,FALSE,FALSE,TRUE,TRUE
501,Good,TRUE,FALSE,TRUE,TRUE,TRUE,FALSE
502,Good,FALSE,FALSE,TRUE,TRUE,TRUE,FALSE
503,Good,FALSE,FALSE,TRUE,FALSE,TRUE,TRUE
504,Good,FALSE,TRUE,FALSE,TRUE,TRUE,FALSE
505,Good,FALSE,TRUE,TRUE,TRUE,TRUE,FALSE
506,Fair,FALSE,FALSE,TRUE,TRUE,FALSE,TRUE
507,Bad,TRUE,FALSE,TRUE,FALSE,FALSE,TRUE
508,Bad,FALSE,FALSE,FALSE,FALSE,FALSE,TRUE
509,Excellent,TRUE,TRUE,TRUE,TRUE,TRUE,FALSE
510,Good,TRUE,FALSE,FALSE,TRUE,FALSE,TRUE
511,Good,FALSE,TRUE,TRUE,FALSE,TRUE,TRUE
512,Good,TRUE,FALSE,TRUE,FALSE,FALSE,FALSE
513,Fair,FALSE,TRUE,FALSE,TRUE,TRUE,FALSE
514,Good,FALSE,TRUE,FALSE,FALSE,FALSE,FALSE
515,Good,FALSE,TRUE,FALSE,FALSE,FALSE,FALSE
516,Good,TRUE,TRUE,FALSE,TRUE,TRUE,TRUE
517,Good,FALSE,FALSE,TRUE,TRUE,FALSE,FALSE
518,Bad,TRUE,FALSE,TRUE,TRUE,TRUE,TRUE
519,Good,TRUE,TRUE,TRUE,FALSE,TRUE,FALSE
520,Good,TRUE,FALSE,TRUE,TRUE,FALSE,TRUE
521,Excellent,TRUE,FALSE,FALSE,TRUE,FALSE,TRUE
522,Good,FALSE,TRUE,TRUE,FALSE,FALSE,TRUE
523,Good,FALSE,FALSE,FALSE,FALSE,TRUE,TRUE
524,Good,FALSE,FALSE,TRUE,FALSE,FALSE,FALSE
525,Good,FALSE,TRUE,TRUE,FALSE,FALSE,FALSE
526,Bad,FALSE,TRUE,TRUE,TRUE,FALSE,TRUE
527,Fair,FALSE,FALSE,TRUE,FALSE,FALSE,TRUE
528,Good,TRUE,FALSE,TRUE,FALSE,TRUE,FALSE
529,Good,TRUE,FALSE,FALSE,TRUE,FALSE,FALSE
530,Good,FALSE,FALSE,TRUE,FALSE,FALSE,TRUE
531,Fair,TRUE,TRUE,TRUE,FALSE,FALSE,FALSE
532,Fair,TRUE,TRUE,TRUE,FALSE,FALSE,TRUE
533,Good,FALSE,TRUE,FALSE,TRUE,FALSE,TRUE
534,Good,FALSE,FALSE,TRUE,FALSE,FALSE,FALSE
535,Fair,FALSE,FALSE,TRUE,FALSE,FALSE,FALSE
536,Bad,TRUE,TRUE,FALSE,TRUE,FALSE,FALSE
537,Bad,TRUE,TRUE,FALSE,FALSE,FALSE,TRUE
538,Good,TRUE,TRUE,FALSE,FALSE,FALSE,FALSE
539,Good,FALSE,FALSE,TRUE,FALSE,TRUE,TRUE
540,Good,TRUE,TRUE,TRUE,TRUE,FALSE,FALSE
541,Good,TRUE,TRUE,FALSE,FALSE,FALSE,FALSE
542,Good,FALSE,TRUE,TRUE,FALSE,TRUE,TRUE
543,Fair,FALSE,FALSE,FALSE,FALSE,TRUE,TRUE
544,Fair,TRUE,TRUE,TRUE,TRUE,TRUE,FALSE
545,Good,FALSE,TRUE,FALSE,TRUE,FALSE,TRUE
546,Good,FALSE,TRUE,FALSE,TRUE,TRUE,FALSE
547,Good,TRUE,FALSE,FALSE,TRUE,FALSE,FALSE
548,Fair,TRUE,FALSE,FALSE,FALSE,FALSE,FALSE
549,Excellent,TRUE,TRUE,TRUE,FALSE,FALSE,FALSE
550,Good,TRUE,FALSE,FALSE,TRUE,FALSE,TRUE
551,Good,TRUE,TRUE,FALSE,TRUE,FALSE,FALSE
552,Good,TRUE,FALSE,TRUE,TRUE,TRUE,TRUE
553,Good,FALSE,TRUE,TRUE,FALSE,TRUE,TRUE
554,Good,FALSE,FALSE,TRUE,FALSE,TRUE,FALSE
555,Good,FALSE,FALSE,FALSE,TRUE,FALSE,TRUE
556,Good,FALSE,FALSE,TRUE,FALSE,TRUE,TRUE
557,Bad,TRUE,TRUE,TRUE,TRUE,FALSE,FALSE
558,Good,FALSE,FALSE,FALSE,TRUE,FALSE,FALSE
559,Bad,TRUE,TRUE,FALSE,TRUE,TRUE,TRUE
560,Excellent,FALSE,FALSE,FALSE,FALSE,FALSE,FALSE
561,Good,FALSE,FALSE,FALSE,TRUE,TRUE,FALSE
562,Good,FALSE,FALSE,TRUE,TRUE,FALSE,FALSE
563,Good,TRUE,TRUE,FALSE,FALSE,TRUE,TRUE
564,Good,FALSE,TRUE,TRUE,FALSE,FALSE,TRUE
565,Good,FALSE,FALSE,TRUE,TRUE,FALSE,FALSE
566,Good,FALSE,FALSE,FALSE,FALSE,TRUE,FALSE
567,Excellent,FALSE,FALSE,TRUE,TRUE,TRUE,TRUE
568,Excellent,TRUE,FALSE,FALSE,FALSE,TRUE,FALSE
569,Good,FALSE,TRUE,TRUE,TRUE,TRUE,TRUE
570,Good,TRUE,TRUE,FALSE,TRUE,TRUE,TRUE
571,Bad,TRUE,TRUE,FALSE,FALSE,TRUE,TRUE
572,Good,FALSE,FALSE,TRUE,TRUE,FALSE,TRUE
573,Fair,FALSE,FALSE,TRUE,FALSE,FALSE,TRUE
574,Good,TRUE,TRUE,TRUE,TRUE,FALSE,TRUE
575,Excellent,FALSE,TRUE,FALSE,FALSE,FALSE,FALSE
576,Good,FALSE,TRUE,TRUE,TRUE,TRUE,TRUE
577,Good,TRUE,TRUE,TRUE,TRUE,TRUE,FALSE
578,Good,FALSE,FALSE,TRUE,FALSE,TRUE,TRUE
579,Good,FALSE,TRUE,TRUE,FALSE,FALSE,TRUE
580,Bad,FALSE,FALSE,FALSE,FALSE,FALSE,TRUE
581,Good,TRUE,FALSE,FALSE,FALSE,FALSE,TRUE
582,Good,FALSE,TRUE,TRUE,TRUE,TRUE,TRUE
583,Excellent,TRUE,FALSE,TRUE,FALSE,TRUE,FALSE
584,Good,FALSE,TRUE,TRUE,FALSE,TRUE,FALSE
585,Good,FALSE,FALSE,TRUE,TRUE,TRUE,TRUE
586,Bad,FALSE,TRUE,FALSE,FALSE,FALSE,FALSE
587,Bad,FALSE,TRUE,TRUE,FALSE,TRUE,TRUE
588,Bad,FALSE,FALSE,FALSE,FALSE,FALSE,FALSE
589,Excellent,TRUE,TRUE,TRUE,TRUE,FALSE,FALSE
590,Bad,TRUE,TRUE,FALSE,TRUE,FALSE,FALSE
591,Excellent,FALSE,TRUE,TRUE,TRUE,TRUE,TRUE
592,Excellent,FALSE,TRUE,TRUE,TRUE,TRUE,TRUE
593,Good,TRUE,FALSE,TRUE,TRUE,FALSE,TRUE
594,Bad,FALSE,TRUE,TRUE,TRUE,TRUE,TRUE
595,Excellent,FALSE,TRUE,TRUE,TRUE,FALSE,TRUE
596,Good,FALSE,TRUE,TRUE,TRUE,FALSE,TRUE
597,Good,FALSE,FALSE,TRUE,FALSE,FALSE,FALSE
598,Good,FALSE,TRUE,TRUE,TRUE,TRUE,TRUE
599,Good,TRUE,TRUE,FALSE,TRUE,TRUE,TRUE
600,Good,TRUE,FALSE,FALSE,TRUE,TRUE,FALSE
601,Good,TRUE,TRUE,TRUE,TRUE,FALSE,TRUE
602,Good,FALSE,FALSE,TRUE,TRUE,FALSE,FALSE
603,Fair,FALSE,FALSE,TRUE,FALSE,FALSE,TRUE
604,Good,TRUE,TRUE,TRUE,TRUE,TRUE,TRUE
605,Good,FALSE,TRUE,TRUE,FALSE,FALSE,FALSE
606,Good,TRUE,FALSE,TRUE,TRUE,TRUE,TRUE
607,Good,FALSE,FALSE,FALSE,FALSE,FALSE,TRUE
608,Good,FALSE,TRUE,TRUE,FALSE,FALSE,TRUE
609,Good,FALSE,TRUE,FALSE,FALSE,FALSE,TRUE
610,Good,TRUE,FALSE,TRUE,FALSE,FALSE,FALSE
611,Bad,FALSE,TRUE,TRUE,TRUE,FALSE,TRUE
612,Good,TRUE,TRUE,FALSE,TRUE,FALSE,TRUE
613,Good,TRUE,TRUE,FALSE,TRUE,TRUE,FALSE
614,Fair,FALSE,TRUE,FALSE,FALSE,TRUE,FALSE
615,Good,TRUE,TRUE,FALSE,FALSE,TRUE,TRUE
616,Good,FALSE,FALSE,TRUE,TRUE,TRUE,TRUE
617,Good,TRUE,FALSE,FALSE,FALSE,TRUE,TRUE
618,Good,FALSE,TRUE,FALSE,FALSE,TRUE,TRUE
619,Good,TRUE,FALSE,TRUE,FALSE,FALSE,TRUE
620,Good,TRUE,TRUE,TRUE,TRUE,FALSE,FALSE
621,Good,TRUE,FALSE,FALSE,FALSE,TRUE,FALSE
622,Good,FALSE,TRUE,FALSE,FALSE,TRUE,FALSE
623,Good,FALSE,FALSE,TRUE,FALSE,FALSE,TRUE
624,Good,TRUE,FALSE,TRUE,TRUE,TRUE,FALSE
625,Fair,FALSE,TRUE,TRUE,FALSE,FALSE,FALSE
626,Good,FALSE,FALSE,FALSE,FALSE,FALSE,FALSE
627,Excellent,FALSE,FALSE,TRUE,TRUE,FALSE,FALSE
628,Good,FALSE,FALSE,TRUE,FALSE,TRUE,FALSE
629,Good,TRUE,FALSE,TRUE,FALSE,TRUE,FALSE
630,Good,FALSE,TRUE,TRUE,FALSE,TRUE,FALSE
631,Good,TRUE,TRUE,TRUE,TRUE,FALSE,TRUE
632,Good,TRUE,FALSE,TRUE,TRUE,TRUE,TRUE
633,Good,TRUE,TRUE,TRUE,FALSE,TRUE,FALSE
634,Good,FALSE,TRUE,FALSE,TRUE,TRUE,TRUE
635,Good,FALSE,TRUE,TRUE,TRUE,FALSE,TRUE
636,Good,FALSE,FALSE,FALSE,FALSE,TRUE,TRUE
637,Good,FALSE,TRUE,TRUE,TRUE,TRUE,TRUE
638,Good,TRUE,TRUE,FALSE,TRUE,TRUE,FALSE
639,Good,TRUE,TRUE,FALSE,FALSE,TRUE,TRUE
640,Excellent,FALSE,TRUE,FALSE,TRUE,TRUE,FALSE
641,Bad,FALSE,TRUE,FALSE,TRUE,FALSE,TRUE
642,Bad,FALSE,FALSE,FALSE,TRUE,TRUE,FALSE
643,Good,FALSE,TRUE,TRUE,FALSE,TRUE,FALSE
644,Good,TRUE,TRUE,TRUE,FALSE,FALSE,TRUE
645,Good,TRUE,FALSE,TRUE,TRUE,FALSE,TRUE
646,Excellent,FALSE,FALSE,TRUE,TRUE,FALSE,FALSE
647,Good,FALSE,TRUE,FALSE,TRUE,TRUE,TRUE
648,Good,TRUE,FALSE,TRUE,TRUE,FALSE,TRUE
649,Good,FALSE,TRUE,FALSE,FALSE,TRUE,FALSE
650,Excellent,TRUE,TRUE,TRUE,TRUE,TRUE,FALSE
651,Good,FALSE,FALSE,TRUE,FALSE,FALSE,FALSE
652,Good,TRUE,TRUE,TRUE,FALSE,TRUE,FALSE
653,Bad,TRUE,TRUE,TRUE,FALSE,FALSE,TRUE
654,Good,TRUE,TRUE,FALSE,TRUE,TRUE,TRUE
655,Good,TRUE,TRUE,FALSE,FALSE,TRUE,TRUE
656,Excellent,FALSE,FALSE,FALSE,TRUE,TRUE,FALSE
657,Good,FALSE,FALSE,FALSE,FALSE,TRUE,FALSE
658,Fair,TRUE,FALSE,TRUE,TRUE,FALSE,TRUE
659,Good,TRUE,TRUE,TRUE,FALSE,TRUE,FALSE
660,Fair,FALSE,TRUE,TRUE,FALSE,TRUE,FALSE
661,Excellent,TRUE,TRUE,TRUE,FALSE,FALSE,FALSE
662,Bad,TRUE,FALSE,FALSE,FALSE,FALSE,FALSE
663,Good,FALSE,TRUE,TRUE,FALSE,TRUE,FALSE
664,Good,FALSE,TRUE,TRUE,FALSE,FALSE,TRUE
665,Good,TRUE,TRUE,FALSE,TRUE,FALSE,TRUE
666,Fair,FALSE,FALSE,TRUE,FALSE,TRUE,TRUE
667,Excellent,FALSE,TRUE,TRUE,FALSE,TRUE,TRUE
668,Good,FALSE,FALSE,FALSE,TRUE,FALSE,TRUE
669,Excellent,TRUE,TRUE,FALSE,TRUE,TRUE,TRUE
670,Good,TRUE,TRUE,TRUE,TRUE,TRUE,TRUE
671,Fair,TRUE,FALSE,FALSE,TRUE,TRUE,FALSE
672,Good,FALSE,TRUE,TRUE,TRUE,FALSE,FALSE
673,Bad,TRUE,FALSE,FALSE,FALSE,TRUE,FALSE
674,Bad,FALSE,FALSE,TRUE,FALSE,TRUE,FALSE
675,Good,FALSE,TRUE,TRUE,TRUE,FALSE,TRUE
676,Good,FALSE,TRUE,TRUE,FALSE,TRUE,TRUE
677,Fair,TRUE,FALSE,FALSE,TRUE,FALSE,FALSE
678,Good,TRUE,FALSE,FALSE,TRUE,TRUE,TRUE
679,Bad,FALSE,TRUE,TRUE,TRUE,TRUE,TRUE
680,Bad,TRUE,TRUE,TRUE,TRUE,FALSE,TRUE
681,Good,FALSE,FALSE,FALSE,FALSE,TRUE,FALSE
682,Good,FALSE,FALSE,FALSE,TRUE,FALSE,FALSE
683,Good,TRUE,TRUE,FALSE,FALSE,TRUE,TRUE
684,Good,TRUE,TRUE,FALSE,FALSE,TRUE,TRUE
685,Excellent,TRUE,TRUE,TRUE,FALSE,TRUE,FALSE
686,Good,FALSE,FALSE,TRUE,TRUE,TRUE,FALSE
687,Good,FALSE,FALSE,TRUE,TRUE,TRUE,TRUE
688,Bad,TRUE,TRUE,FALSE,FALSE,FALSE,TRUE
689,Good,TRUE,TRUE,TRUE,TRUE,TRUE,FALSE
690,Good,TRUE,TRUE,TRUE,TRUE,TRUE,TRUE
691,Good,TRUE,TRUE,TRUE,TRUE,FALSE,TRUE
692,Good,TRUE,FALSE,FALSE,FALSE,FALSE,FALSE
693,Good,FALSE,TRUE,FALSE,FALSE,TRUE,TRUE
694,Fair,TRUE,TRUE,FALSE,FALSE,TRUE,FALSE
695,Good,FALSE,FALSE,TRUE,FALSE,TRUE,TRUE
696,Good,FALSE,TRUE,TRUE,TRUE,FALSE,TRUE
697,Bad,FALSE,FALSE,FALSE,TRUE,FALSE,FALSE
698,Good,FALSE,TRUE,FALSE,FALSE,FALSE,TRUE
699,Good,FALSE,TRUE,FALSE,TRUE,FALSE,FALSE
700,Bad,TRUE,TRUE,FALSE,FALSE,FALSE,TRUE
701,Good,FALSE,FALSE,TRUE,FALSE,FALSE,TRUE
702,Bad,TRUE,TRUE,FALSE,TRUE,TRUE,FALSE
703,Good,TRUE,FALSE,FALSE,TRUE,TRUE,FALSE
704,Good,FALSE,TRUE,FALSE,FALSE,FALSE,TRUE
705,Fair,TRUE,FALSE,FALSE,FALSE,FALSE,TRUE
706,Good,FALSE,FALSE,FALSE,TRUE,FALSE,FALSE
707,Bad,TRUE,TRUE,TRUE,FALSE,TRUE,FALSE
708,Bad,TRUE,TRUE,TRUE,TRUE,TRUE,FALSE
709,Excellent,FALSE,FALSE,FALSE,TRUE,FALSE,FALSE
710,Bad,TRUE,TRUE,FALSE,FALSE,FALSE,TRUE
711,Good,TRUE,TRUE,TRUE,FALSE,TRUE,FALSE
712,Good,FALSE,FALSE,TRUE,TRUE,FALSE,FALSE
713,Good,FALSE,FALSE,FALSE,FALSE,FALSE,TRUE
714,Good,FALSE,TRUE,FALSE,FALSE,TRUE,TRUE
715,Good,TRUE,TRUE,FALSE,TRUE,FALSE,TRUE
716,Good,FALSE,FALSE,FALSE,FALSE,TRUE,TRUE
717,Good,FALSE,FALSE,TRUE,TRUE,FALSE,TRUE
718,Good,TRUE,FALSE,TRUE,TRUE,FALSE,TRUE
719,Good,FALSE,TRUE,TRUE,FALSE,FALSE,FALSE
720,Good,TRUE,FALSE,TRUE,TRUE,FALSE,TRUE
721,Good,TRUE,FALSE,FALSE,FALSE,FALSE,FALSE
722,Good,FALSE,TRUE,FALSE,FALSE,FALSE,TRUE
723,Good,FALSE,TRUE,FALSE,FALSE,FALSE,TRUE
724,Bad,TRUE,FALSE,FALSE,FALSE,TRUE,FALSE
725,Good,TRUE,TRUE,FALSE,TRUE,FALSE,FALSE
726,Excellent,FALSE,FALSE,TRUE,TRUE,TRUE,FALSE
727,Good,FALSE,TRUE,TRUE,TRUE,TRUE,FALSE
728,Good,TRUE,TRUE,FALSE,FALSE,FALSE,FALSE
729,Good,FALSE,TRUE,FALSE,TRUE,TRUE,TRUE
730,Good,FALSE,FALSE,FALSE,TRUE,TRUE,TRUE
731,Good,TRUE,FALSE,FALSE,FALSE,FALSE,TRUE
732,Fair,FALSE,TRUE,TRUE,TRUE,TRUE,TRUE
733,Good,FALSE,FALSE,TRUE,FALSE,TRUE,FALSE
734,Good,TRUE,FALSE,TRUE,TRUE,FALSE,TRUE
735,Good,TRUE,FALSE,TRUE,TRUE,FALSE,FALSE
736,Good,FALSE,TRUE,FALSE,TRUE,FALSE,FALSE
737,Excellent,FALSE,TRUE,TRUE,FALSE,FALSE,FALSE
738,Good,FALSE,TRUE,FALSE,TRUE,TRUE,FALSE
739,Good,TRUE,FALSE,TRUE,TRUE,FALSE,TRUE
740,Good,FALSE,FALSE,FALSE,FALSE,TRUE,FALSE
741,Bad,TRUE,FALSE,TRUE,TRUE,FALSE,FALSE
742,Good,TRUE,TRUE,FALSE,FALSE,FALSE,FALSE
743,Bad,TRUE,FALSE,TRUE,FALSE,FALSE,TRUE
744,Good,TRUE,FALSE,FALSE,FALSE,TRUE,TRUE
745,Fair,TRUE,FALSE,TRUE,TRUE,TRUE,TRUE
746,Good,FALSE,TRUE,FALSE,FALSE,TRUE,FALSE
747,Excellent,TRUE,FALSE,TRUE,TRUE,FALSE,TRUE
748,Excellent,FALSE,TRUE,TRUE,FALSE,TRUE,FALSE
749,Good,TRUE,FALSE,FALSE,FALSE,FALSE,TRUE
750,Good,TRUE,TRUE,FALSE,TRUE,TRUE,FALSE
751,Good,FALSE,FALSE,TRUE,FALSE,FALSE,TRUE
752,Good,FALSE,TRUE,TRUE,TRUE,TRUE,FALSE
753,Fair,FALSE,TRUE,TRUE,FALSE,TRUE,FALSE
754,Good,TRUE,TRUE,FALSE,TRUE,FALSE,TRUE
755,Good,FALSE,FALSE,TRUE,TRUE,TRUE,FALSE
756,Good,TRUE,FALSE,TRUE,FALSE,TRUE,TRUE
757,Fair,FALSE,TRUE,FALSE,FALSE,TRUE,FALSE
758,Good,FALSE,FALSE,FALSE,TRUE,TRUE,TRUE
759,Good,FALSE,FALSE,TRUE,FALSE,FALSE,TRUE
760,Excellent,FALSE,FALSE,TRUE,TRUE,FALSE,TRUE
761,Good,FALSE,TRUE,TRUE,FALSE,FALSE,TRUE
762,Good,TRUE,FALSE,FALSE,TRUE,TRUE,TRUE
763,Good,TRUE,FALSE,TRUE,TRUE,FALSE,TRUE
764,Good,TRUE,FALSE,TRUE,FALSE,TRUE,TRUE
765,Bad,TRUE,TRUE,FALSE,TRUE,TRUE,TRUE
766,Good,FALSE,FALSE,TRUE,FALSE,TRUE,TRUE
767,Good,TRUE,FALSE,FALSE,TRUE,FALSE,FALSE
768,Excellent,TRUE,TRUE,TRUE,TRUE,FALSE,FALSE
769,Good,FALSE,FALSE,TRUE,TRUE,TRUE,FALSE
770,Excellent,TRUE,FALSE,TRUE,TRUE,FALSE,TRUE
771,Good,FALSE,TRUE,TRUE,FALSE,TRUE,TRUE
772,Good,FALSE,FALSE,TRUE,TRUE,TRUE,TRUE
773,Good,FALSE,FALSE,FALSE,FALSE,FALSE,TRUE
774,Good,FALSE,TRUE,FALSE,TRUE,TRUE,FALSE
775,Good,FALSE,FALSE,TRUE,FALSE,FALSE,TRUE
776,Good,FALSE,FALSE,TRUE,TRUE,FALSE,TRUE
777,Good,FALSE,TRUE,FALSE,FALSE,TRUE,TRUE
778,Good,FALSE,FALSE,FALSE,TRUE,TRUE,TRUE
779,Excellent,TRUE,TRUE,FALSE,TRUE,TRUE,TRUE
780,Good,TRUE,FALSE,TRUE,FALSE,TRUE,FALSE
781,Good,TRUE,TRUE,TRUE,TRUE,FALSE,FALSE
782,Good,FALSE,FALSE,FALSE,FALSE,TRUE,FALSE
783,Good,FALSE,FALSE,TRUE,TRUE,TRUE,FALSE
784,Good,FALSE,TRUE,TRUE,TRUE,FALSE,FALSE
785,Good,TRUE,FALSE,TRUE,TRUE,TRUE,FALSE
786,Good,TRUE,TRUE,TRUE,FALSE,TRUE,FALSE
787,Good,TRUE,TRUE,FALSE,TRUE,FALSE,FALSE
788,Good,FALSE,TRUE,FALSE,TRUE,FALSE,FALSE
789,Good,FALSE,FALSE,FALSE,FALSE,TRUE,FALSE
790,Excellent,FALSE,TRUE,TRUE,FALSE,TRUE,TRUE
791,Good,FALSE,FALSE,FALSE,FALSE,FALSE,TRUE
792,Good,FALSE,TRUE,TRUE,FALSE,TRUE,TRUE
793,Fair,TRUE,TRUE,FALSE,FALSE,FALSE,TRUE
794,Good,FALSE,TRUE,FALSE,TRUE,FALSE,TRUE
795,Good,TRUE,FALSE,FALSE,TRUE,TRUE,FALSE
796,Good,TRUE,FALSE,TRUE,TRUE,TRUE,TRUE
797,Bad,FALSE,FALSE,TRUE,FALSE,TRUE,FALSE
798,Excellent,FALSE,TRUE,TRUE,TRUE,FALSE,FALSE
799,Good,TRUE,TRUE,TRUE,FALSE,TRUE,FALSE
800,Good,TRUE,FALSE,FALSE,FALSE,FALSE,TRUE
801,Excellent,TRUE,TRUE,TRUE,FALSE,TRUE,TRUE
802,Bad,TRUE,TRUE,FALSE,FALSE,FALSE,TRUE
803,Good,TRUE,FALSE,FALSE,TRUE,FALSE,FALSE
804,Bad,FALSE,FALSE,FALSE,FALSE,TRUE,TRUE
805,Bad,TRUE,TRUE,TRUE,FALSE,TRUE,TRUE
806,Good,TRUE,FALSE,TRUE,FALSE,FALSE,FALSE
807,Fair,FALSE,FALSE,TRUE,TRUE,TRUE,TRUE
808,Bad,TRUE,TRUE,TRUE,FALSE,FALSE,TRUE
809,Excellent,TRUE,TRUE,TRUE,FALSE,FALSE,TRUE
810,Good,FALSE,TRUE,FALSE,FALSE,FALSE,TRUE
811,Bad,TRUE,FALSE,TRUE,FALSE,TRUE,TRUE
812,Good,TRUE,TRUE,TRUE,TRUE,FALSE,FALSE
813,Fair,FALSE,FALSE,FALSE,FALSE,TRUE,TRUE
814,Fair,TRUE,FALSE,TRUE,FALSE,TRUE,FALSE
815,Good,TRUE,FALSE,FALSE,FALSE,FALSE,TRUE
816,Good,FALSE,FALSE,FALSE,TRUE,FALSE,TRUE
817,Good,TRUE,TRUE,FALSE,FALSE,TRUE,FALSE
818,Good,TRUE,FALSE,TRUE,TRUE,TRUE,TRUE
819,Good,TRUE,FALSE,TRUE,TRUE,TRUE,FALSE
820,Good,TRUE,TRUE,TRUE,FALSE,FALSE,TRUE
821,Good,FALSE,TRUE,TRUE,FALSE,FALSE,FALSE
822,Good,TRUE,TRUE,FALSE,FALSE,TRUE,TRUE
823,Bad,TRUE,FALSE,FALSE,TRUE,TRUE,FALSE
824,Bad,TRUE,TRUE,FALSE,FALSE,FALSE,TRUE
825,Good,FALSE,TRUE,TRUE,FALSE,FALSE,TRUE
826,Good,TRUE,TRUE,TRUE,FALSE,FALSE,TRUE
827,Excellent,TRUE,TRUE,FALSE,FALSE,FALSE,TRUE
828,Good,FALSE,TRUE,TRUE,FALSE,FALSE,FALSE
829,Bad,TRUE,FALSE,TRUE,TRUE,FALSE,FALSE
830,Good,TRUE,FALSE,TRUE,TRUE,FALSE,TRUE
831,Bad,TRUE,TRUE,TRUE,TRUE,TRUE,TRUE
832,Excellent,TRUE,TRUE,FALSE,FALSE,TRUE,TRUE
833,Excellent,FALSE,FALSE,TRUE,FALSE,TRUE,FALSE
834,Good,TRUE,FALSE,TRUE,TRUE,TRUE,TRUE
835,Fair,FALSE,FALSE,FALSE,FALSE,FALSE,FALSE
836,Good,FALSE,TRUE,TRUE,FALSE,TRUE,TRUE
837,Good,TRUE,FALSE,FALSE,TRUE,TRUE,TRUE
838,Good,TRUE,TRUE,FALSE,FALSE,FALSE,FALSE
839,Good,FALSE,TRUE,FALSE,FALSE,FALSE,FALSE
840,Excellent,FALSE,FALSE,FALSE,TRUE,FALSE,FALSE
841,Bad,TRUE,TRUE,FALSE,TRUE,TRUE,TRUE
842,Excellent,TRUE,TRUE,FALSE,TRUE,FALSE,TRUE
843,Good,TRUE,FALSE,FALSE,TRUE,FALSE,TRUE
844,Excellent,TRUE,FALSE,TRUE,TRUE,TRUE,FALSE
845,Fair,FALSE,TRUE,FALSE,FALSE,FALSE,FALSE
846,Good,FALSE,FALSE,FALSE,TRUE,TRUE,FALSE
847,Good,FALSE,TRUE,FALSE,FALSE,TRUE,FALSE
848,Good,FALSE,TRUE,FALSE,FALSE,TRUE,FALSE
849,Good,FALSE,FALSE,TRUE,FALSE,TRUE,FALSE
850,Good,TRUE,FALSE,FALSE,TRUE,FALSE,TRUE
851,Good,FALSE,FALSE,FALSE,FALSE,TRUE,TRUE
852,Good,TRUE,TRUE,TRUE,TRUE,FALSE,FALSE
853,Good,TRUE,FALSE,TRUE,FALSE,FALSE,TRUE
854,Good,FALSE,FALSE,TRUE,FALSE,FALSE,FALSE
855,Good,TRUE,FALSE,TRUE,TRUE,TRUE,FALSE
856,Good,FALSE,TRUE,FALSE,TRUE,TRUE,TRUE
857,Good,TRUE,TRUE,TRUE,TRUE,TRUE,TRUE
858,Good,TRUE,TRUE,TRUE,FALSE,TRUE,FALSE
859,Excellent,FALSE,TRUE,FALSE,FALSE,TRUE,FALSE
860,Excellent,TRUE,TRUE,TRUE,TRUE,FALSE,TRUE
861,Excellent,FALSE,FALSE,TRUE,TRUE,TRUE,TRUE
862,Good,TRUE,FALSE,TRUE,TRUE,FALSE,FALSE
863,Fair,TRUE,TRUE,TRUE,TRUE,FALSE,TRUE
864,Excellent,TRUE,FALSE,TRUE,FALSE,FALSE,FALSE
865,Fair,TRUE,TRUE,TRUE,FALSE,TRUE,FALSE
866,Good,FALSE,TRUE,TRUE,FALSE,TRUE,FALSE
867,Good,FALSE,FALSE,FALSE,TRUE,TRUE,FALSE
868,Excellent,FALSE,TRUE,TRUE,TRUE,FALSE,FALSE
869,Good,FALSE,TRUE,TRUE,FALSE,TRUE,FALSE
870,Good,FALSE,FALSE,FALSE,TRUE,TRUE,FALSE
871,Bad,TRUE,TRUE,TRUE,FALSE,TRUE,TRUE
872,Good,FALSE,FALSE,TRUE,TRUE,TRUE,FALSE
873,Good,FALSE,FALSE,TRUE,TRUE,FALSE,FALSE
874,Bad,TRUE,FALSE,FALSE,FALSE,TRUE,TRUE
875,Good,FALSE,FALSE,FALSE,TRUE,TRUE,TRUE
876,Bad,TRUE,TRUE,FALSE,TRUE,FALSE,FALSE
877,Good,TRUE,FALSE,FALSE,FALSE,FALSE,FALSE
878,Good,FALSE,FALSE,TRUE,TRUE,FALSE,FALSE
879,Good,TRUE,FALSE,FALSE,FALSE,FALSE,FALSE
880,Bad,TRUE,FALSE,TRUE,TRUE,FALSE,TRUE
881,Good,FALSE,TRUE,FALSE,FALSE,FALSE,FALSE
882,Good,FALSE,FALSE,FALSE,TRUE,TRUE,FALSE
883,Fair,TRUE,FALSE,FALSE,FALSE,TRUE,TRUE
884,Good,FALSE,TRUE,FALSE,FALSE,TRUE,FALSE
885,Good,TRUE,FALSE,FALSE,FALSE,FALSE,FALSE
886,Good,TRUE,FALSE,FALSE,TRUE,TRUE,FALSE
887,Good,FALSE,TRUE,FALSE,FALSE,TRUE,TRUE
888,Good,TRUE,FALSE,FALSE,TRUE,TRUE,TRUE
889,Good,TRUE,FALSE,FALSE,FALSE,FALSE,FALSE
890,Good,FALSE,FALSE,TRUE,FALSE,TRUE,FALSE
891,Good,TRUE,FALSE,TRUE,TRUE,TRUE,TRUE
892,Good,FALSE,FALSE,TRUE,TRUE,TRUE,FALSE
893,Fair,TRUE,TRUE,FALSE,FALSE,FALSE,FALSE
894,Fair,TRUE,FALSE,TRUE,FALSE,TRUE,FALSE
895,Good,TRUE,TRUE,TRUE,TRUE,TRUE,FALSE
896,Excellent,TRUE,TRUE,TRUE,TRUE,FALSE,TRUE
897,Good,TRUE,TRUE,TRUE,TRUE,TRUE,TRUE
898,Good,FALSE,TRUE,TRUE,FALSE,FALSE,FALSE
899,Bad,TRUE,TRUE,TRUE,FALSE,FALSE,FALSE
900,Good,TRUE,TRUE,FALSE,TRUE,FALSE,FALSE
901,Fair,FALSE,TRUE,TRUE,FALSE,TRUE,TRUE
902,Fair,TRUE,FALSE,TRUE,FALSE,TRUE,FALSE
903,Good,FALSE,TRUE,TRUE,FALSE,TRUE,FALSE
904,Excellent,FALSE,FALSE,FALSE,TRUE,FALSE,FALSE
905,Good,TRUE,TRUE,FALSE,TRUE,FALSE,TRUE
906,Good,TRUE,TRUE,TRUE,TRUE,FALSE,TRUE
907,Fair,FALSE,TRUE,FALSE,TRUE,FALSE,FALSE
908,Bad,FALSE,TRUE,TRUE,FALSE,TRUE,TRUE
909,Good,FALSE,TRUE,FALSE,TRUE,TRUE,TRUE
910,Good,TRUE,FALSE,FALSE,TRUE,TRUE,TRUE
911,Excellent,TRUE,TRUE,FALSE,FALSE,TRUE,TRUE
912,Bad,TRUE,FALSE,FALSE,TRUE,TRUE,TRUE
913,Good,TRUE,TRUE,FALSE,FALSE,TRUE,TRUE
914,Good,TRUE,FALSE,TRUE,TRUE,FALSE,FALSE
915,Good,TRUE,FALSE,FALSE,FALSE,FALSE,TRUE
916,Good,TRUE,TRUE,TRUE,FALSE,TRUE,TRUE
917,Good,FALSE,FALSE,FALSE,FALSE,FALSE,FALSE
918,Good,TRUE,TRUE,FALSE,FALSE,TRUE,FALSE
919,Good,FALSE,TRUE,FALSE,TRUE,TRUE,FALSE
920,Good,TRUE,FALSE,TRUE,TRUE,TRUE,TRUE
921,Fair,TRUE,TRUE,TRUE,FALSE,TRUE,TRUE
922,Bad,TRUE,FALSE,TRUE,TRUE,TRUE,FALSE
923,Good,TRUE,FALSE,FALSE,FALSE,TRUE,TRUE
924,Good,TRUE,TRUE,FALSE,FALSE,FALSE,FALSE
925,Good,FALSE,TRUE,TRUE,TRUE,FALSE,TRUE
926,Good,FALSE,FALSE,FALSE,FALSE,FALSE,TRUE
927,Good,FALSE,TRUE,FALSE,TRUE,FALSE,TRUE
928,Bad,FALSE,TRUE,TRUE,FALSE,TRUE,TRUE
929,Excellent,TRUE,TRUE,FALSE,FALSE,FALSE,FALSE
930,Good,FALSE,FALSE,FALSE,FALSE,TRUE,FALSE
931,Fair,TRUE,FALSE,FALSE,FALSE,TRUE,TRUE
932,Good,FALSE,FALSE,FALSE,TRUE,TRUE,FALSE
933,Good,FALSE,TRUE,TRUE,FALSE,FALSE,FALSE
934,Good,FALSE,TRUE,FALSE,TRUE,FALSE,FALSE
935,Fair,TRUE,TRUE,TRUE,TRUE,TRUE,FALSE
936,Good,TRUE,FALSE,TRUE,TRUE,TRUE,TRUE
937,Good,TRUE,TRUE,TRUE,FALSE,FALSE,FALSE
938,Good,TRUE,TRUE,FALSE,FALSE,TRUE,FALSE
939,Bad,FALSE,TRUE,FALSE,FALSE,TRUE,TRUE
940,Good,FALSE,FALSE,FALSE,FALSE,FALSE,TRUE
941,Bad,TRUE,FALSE,TRUE,FALSE,FALSE,TRUE
942,Fair,TRUE,TRUE,TRUE,FALSE,TRUE,FALSE
943,Good,FALSE,TRUE,TRUE,FALSE,FALSE,FALSE
944,Good,TRUE,FALSE,FALSE,TRUE,TRUE,TRUE
945,Good,TRUE,FALSE,FALSE,FALSE,TRUE,FALSE
946,Fair,TRUE,TRUE,FALSE,FALSE,TRUE,FALSE
947,Good,FALSE,TRUE,TRUE,TRUE,TRUE,FALSE
948,Good,FALSE,FALSE,TRUE,FALSE,FALSE,TRUE
949,Good,TRUE,TRUE,TRUE,FALSE,TRUE,FALSE
950,Bad,FALSE,TRUE,TRUE,TRUE,FALSE,TRUE
951,Good,FALSE,FALSE,TRUE,FALSE,TRUE,FALSE
952,Good,FALSE,FALSE,FALSE,FALSE,TRUE,TRUE
953,Good,FALSE,TRUE,TRUE,TRUE,FALSE,FALSE
954,Bad,FALSE,TRUE,TRUE,FALSE,TRUE,FALSE
955,Good,TRUE,FALSE,FALSE,FALSE,TRUE,FALSE
956,Excellent,FALSE,TRUE,FALSE,FALSE,TRUE,FALSE
957,Bad,TRUE,FALSE,TRUE,FALSE,FALSE,TRUE
958,Good,TRUE,FALSE,TRUE,FALSE,FALSE,TRUE
959,Good,TRUE,TRUE,FALSE,FALSE,FALSE,TRUE
960,Bad,FALSE,TRUE,TRUE,FALSE,TRUE,FALSE
961,Good,TRUE,TRUE,FALSE,FALSE,FALSE,TRUE
962,Good,FALSE,FALSE,FALSE,FALSE,TRUE,TRUE
963,Bad,FALSE,TRUE,FALSE,FALSE,TRUE,FALSE
964,Bad,TRUE,TRUE,FALSE,TRUE,FALSE,TRUE
965,Fair,TRUE,TRUE,FALSE,TRUE,FALSE,TRUE
966,Bad,TRUE,TRUE,FALSE,FALSE,TRUE,FALSE
967,Fair,TRUE,FALSE,FALSE,TRUE,TRUE,FALSE
968,Good,TRUE,TRUE,TRUE,FALSE,TRUE,TRUE
969,Good,TRUE,FALSE,TRUE,FALSE,FALSE,FALSE
970,Bad,TRUE,FALSE,TRUE,FALSE,FALSE,TRUE
971,Excellent,TRUE,TRUE,FALSE,FALSE,FALSE,FALSE
972,Good,TRUE,TRUE,FALSE,TRUE,TRUE,FALSE
973,Good,FALSE,FALSE,TRUE,TRUE,TRUE,FALSE
974,Good,TRUE,TRUE,FALSE,TRUE,FALSE,FALSE
975,Good,FALSE,TRUE,FALSE,FALSE,FALSE,FALSE
976,Good,FALSE,FALSE,FALSE,TRUE,TRUE,FALSE
977,Excellent,TRUE,TRUE,FALSE,FALSE,FALSE,FALSE
978,Good,FALSE,FALSE,TRUE,TRUE,TRUE,FALSE
979,Good,TRUE,FALSE,FALSE,FALSE,FALSE,TRUE
980,Good,FALSE,FALSE,TRUE,TRUE,TRUE,FALSE
981,Good,TRUE,TRUE,FALSE,FALSE,FALSE,FALSE
982,Good,FALSE,TRUE,TRUE,TRUE,TRUE,TRUE
983,Good,TRUE,TRUE,FALSE,TRUE,TRUE,TRUE
984,Good,TRUE,TRUE,FALSE,FALSE,FALSE,TRUE
985,Good,TRUE,FALSE,TRUE,TRUE,TRUE,TRUE
986,Good,FALSE,TRUE,FALSE,TRUE,TRUE,TRUE
987,Good,TRUE,FALSE,TRUE,FALSE,TRUE,FALSE
988,Good,FALSE,FALSE,FALSE,FALSE,FALSE,TRUE
989,Excellent,FALSE,FALSE,TRUE,FALSE,FALSE,TRUE
990,Excellent,TRUE,TRUE,FALSE,TRUE,FALSE,FALSE
991,Good,FALSE,FALSE,FALSE,TRUE,FALSE,TRUE
992,Excellent,TRUE,FALSE,TRUE,FALSE,TRUE,TRUE
993,Good,FALSE,FALSE,TRUE,FALSE,FALSE,FALSE
994,Good,FALSE,TRUE,FALSE,TRUE,FALSE,TRUE
995,Good,FALSE,TRUE,TRUE,FALSE,FALSE,FALSE
996,Excellent,FALSE,TRUE,FALSE,TRUE,TRUE,FALSE
997,Good,TRUE,TRUE,FALSE,FALSE,FALSE,TRUE
998,Good,FALSE,FALSE,FALSE,FALSE,TRUE,TRUE
999,Bad,TRUE,FALSE,TRUE,FALSE,FALSE,TRUE
1000,Excellent,TRUE,FALSE,FALSE,FALSE,TRUE,TRUE
