security_id,door_man,security_man,camera,exterior_gate
1,TRUE,TRUE,FALSE,FALSE
2,FALSE,FALSE,TRUE,FALSE
3,TRUE,FALSE,FALSE,TRUE
4,FALSE,TRUE,TRUE,TRUE
5,FALSE,FALSE,TRUE,TRUE
6,TRUE,FALSE,TRUE,FALSE
7,TRUE,FALSE,FALSE,TRUE
8,TRUE,FALSE,TRUE,TRUE
9,FALSE,FALSE,FALSE,TRUE
10,FALSE,FALSE,FALSE,FALSE
11,FALSE,FALSE,TRUE,TRUE
12,TRUE,TRUE,TRUE,TRUE
13,TRUE,TRUE,TRUE,TRUE
14,TRUE,FALSE,FALSE,FALSE
15,FALSE,TRUE,TRUE,TRUE
16,TRUE,TRUE,FALSE,FALSE
17,TRUE,TRUE,FALSE,FALSE
18,TRUE,TRUE,FALSE,TRUE
19,TRUE,TRUE,TRUE,FALSE
20,TRUE,FALSE,FALSE,TRUE
21,FALSE,TRUE,TRUE,FALSE
22,TRUE,FALSE,TRUE,TRUE
23,FALSE,FALSE,TRUE,TRUE
24,TRUE,TRUE,TRUE,FALSE
25,TRUE,TRUE,TRUE,TRUE
26,TRUE,FALSE,FALSE,FALSE
27,TRUE,FALSE,TRUE,TRUE
28,FALSE,FALSE,TRUE,FALSE
29,FALSE,FALSE,TRUE,FALSE
30,FALSE,TRUE,FALSE,FALSE
31,TRUE,FALSE,FALSE,FALSE
32,FALSE,TRUE,TRUE,FALSE
33,FALSE,FALSE,FALSE,TRUE
34,FALSE,TRUE,TRUE,TRUE
35,FALSE,FALSE,FALSE,FALSE
36,TRUE,FALSE,TRUE,TRUE
37,TRUE,TRUE,FALSE,TRUE
38,FALSE,FALSE,FALSE,FALSE
39,TRUE,FALSE,TRUE,FALSE
40,FALSE,TRUE,FALSE,FALSE
41,TRUE,TRUE,TRUE,FALSE
42,FALSE,FALSE,FALSE,TRUE
43,FALSE,TRUE,TRUE,TRUE
44,FALSE,FALSE,TRUE,FALSE
45,TRUE,FALSE,FALSE,TRUE
46,TRUE,FALSE,TRUE,TRUE
47,TRUE,FALSE,TRUE,FALSE
48,TRUE,FALSE,TRUE,TRUE
49,FALSE,TRUE,FALSE,TRUE
50,TRUE,FALSE,TRUE,FALSE
51,FALSE,TRUE,FALSE,TRUE
52,FALSE,FALSE,TRUE,TRUE
53,TRUE,FALSE,TRUE,TRUE
54,FALSE,FALSE,TRUE,FALSE
55,FALSE,FALSE,FALSE,FALSE
56,FALSE,TRUE,TRUE,TRUE
57,TRUE,FALSE,TRUE,FALSE
58,FALSE,TRUE,FALSE,TRUE
59,FALSE,TRUE,FALSE,FALSE
60,TRUE,FALSE,FALSE,TRUE
61,FALSE,FALSE,TRUE,FALSE
62,TRUE,TRUE,FALSE,TRUE
63,TRUE,FALSE,TRUE,TRUE
64,TRUE,TRUE,FALSE,FALSE
65,FALSE,FALSE,FALSE,TRUE
66,FALSE,TRUE,FALSE,TRUE
67,TRUE,TRUE,FALSE,FALSE
68,TRUE,TRUE,FALSE,FALSE
69,TRUE,TRUE,TRUE,TRUE
70,TRUE,TRUE,TRUE,TRUE
71,TRUE,FALSE,FALSE,TRUE
72,TRUE,FALSE,TRUE,FALSE
73,TRUE,TRUE,FALSE,FALSE
74,FALSE,TRUE,TRUE,TRUE
75,TRUE,TRUE,TRUE,TRUE
76,FALSE,FALSE,FALSE,TRUE
77,TRUE,FALSE,FALSE,TRUE
78,TRUE,TRUE,TRUE,FALSE
79,FALSE,FALSE,TRUE,TRUE
80,TRUE,TRUE,TRUE,TRUE
81,TRUE,TRUE,FALSE,FALSE
82,FALSE,FALSE,FALSE,FALSE
83,TRUE,TRUE,TRUE,FALSE
84,FALSE,FALSE,TRUE,FALSE
85,TRUE,FALSE,TRUE,TRUE
86,TRUE,FALSE,TRUE,TRUE
87,FALSE,FALSE,TRUE,FALSE
88,TRUE,FALSE,TRUE,FALSE
89,FALSE,FALSE,FALSE,TRUE
90,FALSE,TRUE,FALSE,TRUE
91,TRUE,FALSE,FALSE,TRUE
92,FALSE,FALSE,FALSE,FALSE
93,TRUE,TRUE,FALSE,FALSE
94,TRUE,TRUE,FALSE,FALSE
95,FALSE,FALSE,FALSE,TRUE
96,TRUE,TRUE,FALSE,TRUE
97,FALSE,TRUE,TRUE,TRUE
98,TRUE,FALSE,TRUE,FALSE
99,FALSE,FALSE,TRUE,FALSE
100,FALSE,TRUE,TRUE,TRUE
101,FALSE,FALSE,TRUE,TRUE
102,TRUE,TRUE,TRUE,FALSE
103,TRUE,TRUE,TRUE,FALSE
104,FALSE,FALSE,FALSE,FALSE
105,TRUE,TRUE,TRUE,TRUE
106,TRUE,TRUE,FALSE,TRUE
107,FALSE,TRUE,TRUE,FALSE
108,FALSE,FALSE,FALSE,TRUE
109,TRUE,FALSE,TRUE,FALSE
110,TRUE,TRUE,FALSE,TRUE
111,FALSE,FALSE,FALSE,TRUE
112,TRUE,TRUE,TRUE,TRUE
113,TRUE,TRUE,FALSE,FALSE
114,TRUE,TRUE,FALSE,TRUE
115,TRUE,TRUE,TRUE,FALSE
116,TRUE,TRUE,FALSE,TRUE
117,TRUE,FALSE,TRUE,FALSE
118,TRUE,TRUE,TRUE,FALSE
119,FALSE,FALSE,TRUE,FALSE
120,FALSE,TRUE,FALSE,FALSE
121,FALSE,FALSE,FALSE,FALSE
122,FALSE,FALSE,TRUE,TRUE
123,FALSE,FALSE,TRUE,TRUE
124,TRUE,FALSE,FALSE,FALSE
125,TRUE,FALSE,TRUE,FALSE
126,TRUE,TRUE,TRUE,FALSE
127,TRUE,FALSE,FALSE,TRUE
128,FALSE,FALSE,TRUE,FALSE
129,TRUE,FALSE,FALSE,TRUE
130,TRUE,FALSE,FALSE,FALSE
131,TRUE,TRUE,TRUE,TRUE
132,TRUE,FALSE,TRUE,FALSE
133,TRUE,FALSE,FALSE,TRUE
134,TRUE,TRUE,FALSE,TRUE
135,TRUE,TRUE,FALSE,FALSE
136,TRUE,FALSE,TRUE,FALSE
137,TRUE,TRUE,TRUE,FALSE
138,TRUE,TRUE,FALSE,FALSE
139,FALSE,TRUE,TRUE,TRUE
140,TRUE,TRUE,TRUE,TRUE
141,TRUE,FALSE,FALSE,TRUE
142,TRUE,FALSE,FALSE,TRUE
143,FALSE,TRUE,TRUE,TRUE
144,FALSE,TRUE,TRUE,TRUE
145,TRUE,FALSE,TRUE,FALSE
146,TRUE,TRUE,TRUE,TRUE
147,FALSE,FALSE,FALSE,TRUE
148,TRUE,FALSE,FALSE,TRUE
149,TRUE,FALSE,FALSE,FALSE
150,TRUE,FALSE,FALSE,TRUE
151,FALSE,TRUE,TRUE,FALSE
152,TRUE,TRUE,TRUE,TRUE
153,FALSE,TRUE,FALSE,TRUE
154,FALSE,FALSE,TRUE,FALSE
155,TRUE,TRUE,TRUE,TRUE
156,FALSE,FALSE,FALSE,TRUE
157,TRUE,FALSE,TRUE,FALSE
158,TRUE,FALSE,TRUE,FALSE
159,FALSE,TRUE,TRUE,TRUE
160,FALSE,FALSE,FALSE,TRUE
161,FALSE,TRUE,TRUE,FALSE
162,TRUE,TRUE,FALSE,FALSE
163,TRUE,FALSE,FALSE,FALSE
164,FALSE,TRUE,TRUE,FALSE
165,TRUE,FALSE,FALSE,TRUE
166,TRUE,FALSE,FALSE,TRUE
167,FALSE,TRUE,TRUE,FALSE
168,TRUE,TRUE,TRUE,TRUE
169,FALSE,FALSE,TRUE,FALSE
170,TRUE,TRUE,TRUE,FALSE
171,FALSE,FALSE,TRUE,TRUE
172,TRUE,TRUE,FALSE,FALSE
173,FALSE,FALSE,FALSE,FALSE
174,TRUE,TRUE,FALSE,TRUE
175,TRUE,FALSE,TRUE,TRUE
176,FALSE,TRUE,FALSE,FALSE
177,TRUE,FALSE,FALSE,TRUE
178,FALSE,TRUE,TRUE,TRUE
179,FALSE,TRUE,FALSE,TRUE
180,TRUE,TRUE,TRUE,TRUE
181,FALSE,FALSE,TRUE,TRUE
182,TRUE,TRUE,TRUE,TRUE
183,FALSE,FALSE,TRUE,FALSE
184,TRUE,TRUE,FALSE,TRUE
185,TRUE,FALSE,FALSE,FALSE
186,TRUE,TRUE,FALSE,FALSE
187,TRUE,TRUE,FALSE,FALSE
188,TRUE,TRUE,FALSE,TRUE
189,TRUE,TRUE,TRUE,TRUE
190,FALSE,TRUE,FALSE,FALSE
191,FALSE,FALSE,TRUE,FALSE
192,TRUE,TRUE,FALSE,FALSE
193,FALSE,TRUE,FALSE,FALSE
194,FALSE,FALSE,FALSE,TRUE
195,FALSE,TRUE,FALSE,FALSE
196,FALSE,TRUE,FALSE,TRUE
197,FALSE,TRUE,TRUE,FALSE
198,TRUE,FALSE,TRUE,TRUE
199,TRUE,TRUE,FALSE,TRUE
200,FALSE,TRUE,FALSE,FALSE
201,FALSE,FALSE,TRUE,FALSE
202,FALSE,TRUE,TRUE,FALSE
203,FALSE,FALSE,FALSE,FALSE
204,FALSE,TRUE,FALSE,TRUE
205,TRUE,TRUE,FALSE,TRUE
206,FALSE,FALSE,FALSE,TRUE
207,TRUE,FALSE,TRUE,TRUE
208,FALSE,TRUE,TRUE,TRUE
209,TRUE,TRUE,TRUE,FALSE
210,TRUE,TRUE,TRUE,TRUE
211,FALSE,FALSE,TRUE,FALSE
212,FALSE,FALSE,TRUE,TRUE
213,TRUE,TRUE,FALSE,TRUE
214,TRUE,TRUE,FALSE,FALSE
215,FALSE,TRUE,TRUE,TRUE
216,TRUE,TRUE,TRUE,TRUE
217,FALSE,TRUE,TRUE,FALSE
218,FALSE,FALSE,TRUE,TRUE
219,FALSE,TRUE,FALSE,FALSE
220,FALSE,FALSE,FALSE,TRUE
221,TRUE,TRUE,TRUE,FALSE
222,TRUE,TRUE,TRUE,TRUE
223,FALSE,TRUE,FALSE,TRUE
224,TRUE,FALSE,TRUE,FALSE
225,TRUE,FALSE,FALSE,FALSE
226,FALSE,FALSE,FALSE,TRUE
227,FALSE,TRUE,TRUE,TRUE
228,FALSE,TRUE,TRUE,TRUE
229,FALSE,FALSE,FALSE,TRUE
230,TRUE,FALSE,FALSE,TRUE
231,FALSE,FALSE,TRUE,FALSE
232,TRUE,FALSE,FALSE,FALSE
233,TRUE,TRUE,TRUE,TRUE
234,FALSE,TRUE,TRUE,FALSE
235,TRUE,TRUE,FALSE,FALSE
236,TRUE,FALSE,FALSE,TRUE
237,FALSE,FALSE,TRUE,TRUE
238,TRUE,TRUE,TRUE,TRUE
239,FALSE,FALSE,FALSE,FALSE
240,FALSE,TRUE,TRUE,TRUE
241,TRUE,TRUE,TRUE,FALSE
242,FALSE,FALSE,TRUE,FALSE
243,TRUE,TRUE,FALSE,FALSE
244,FALSE,FALSE,FALSE,FALSE
245,TRUE,FALSE,FALSE,FALSE
246,FALSE,FALSE,TRUE,FALSE
247,FALSE,FALSE,FALSE,FALSE
248,FALSE,TRUE,FALSE,FALSE
249,FALSE,TRUE,TRUE,FALSE
250,TRUE,TRUE,TRUE,TRUE
251,TRUE,FALSE,FALSE,FALSE
252,TRUE,FALSE,FALSE,FALSE
253,TRUE,FALSE,FALSE,FALSE
254,TRUE,TRUE,FALSE,FALSE
255,FALSE,FALSE,TRUE,TRUE
256,TRUE,FALSE,FALSE,TRUE
257,TRUE,FALSE,FALSE,TRUE
258,FALSE,FALSE,TRUE,TRUE
259,TRUE,TRUE,TRUE,FALSE
260,FALSE,TRUE,FALSE,FALSE
261,TRUE,FALSE,FALSE,FALSE
262,TRUE,FALSE,FALSE,TRUE
263,FALSE,TRUE,FALSE,FALSE
264,TRUE,TRUE,FALSE,TRUE
265,TRUE,TRUE,TRUE,TRUE
266,TRUE,FALSE,TRUE,FALSE
267,TRUE,FALSE,FALSE,TRUE
268,FALSE,TRUE,TRUE,TRUE
269,FALSE,FALSE,FALSE,FALSE
270,TRUE,FALSE,TRUE,FALSE
271,FALSE,FALSE,FALSE,TRUE
272,TRUE,FALSE,FALSE,TRUE
273,FALSE,FALSE,TRUE,FALSE
274,TRUE,TRUE,FALSE,TRUE
275,TRUE,TRUE,FALSE,TRUE
276,TRUE,TRUE,FALSE,TRUE
277,TRUE,FALSE,FALSE,FALSE
278,TRUE,TRUE,FALSE,TRUE
279,FALSE,FALSE,FALSE,TRUE
280,FALSE,TRUE,TRUE,TRUE
281,TRUE,FALSE,TRUE,FALSE
282,FALSE,FALSE,FALSE,TRUE
283,TRUE,TRUE,FALSE,FALSE
284,TRUE,TRUE,TRUE,TRUE
285,FALSE,TRUE,TRUE,FALSE
286,FALSE,FALSE,TRUE,FALSE
287,TRUE,TRUE,TRUE,FALSE
288,TRUE,TRUE,FALSE,FALSE
289,FALSE,FALSE,FALSE,TRUE
290,TRUE,FALSE,TRUE,FALSE
291,TRUE,FALSE,TRUE,TRUE
292,FALSE,FALSE,TRUE,FALSE
293,FALSE,TRUE,TRUE,FALSE
294,FALSE,FALSE,FALSE,TRUE
295,FALSE,TRUE,TRUE,TRUE
296,TRUE,TRUE,TRUE,TRUE
297,FALSE,TRUE,TRUE,FALSE
298,TRUE,TRUE,FALSE,FALSE
299,FALSE,FALSE,FALSE,TRUE
300,TRUE,FALSE,FALSE,FALSE
301,FALSE,FALSE,TRUE,FALSE
302,FALSE,TRUE,FALSE,TRUE
303,TRUE,FALSE,FALSE,TRUE
304,FALSE,TRUE,TRUE,TRUE
305,TRUE,TRUE,FALSE,TRUE
306,TRUE,FALSE,TRUE,FALSE
307,TRUE,FALSE,FALSE,FALSE
308,FALSE,FALSE,FALSE,TRUE
309,TRUE,FALSE,TRUE,FALSE
310,TRUE,FALSE,TRUE,FALSE
311,FALSE,FALSE,FALSE,FALSE
312,TRUE,TRUE,FALSE,FALSE
313,TRUE,TRUE,TRUE,FALSE
314,FALSE,FALSE,FALSE,FALSE
315,FALSE,FALSE,TRUE,TRUE
316,TRUE,FALSE,TRUE,FALSE
317,TRUE,FALSE,TRUE,FALSE
318,TRUE,FALSE,FALSE,FALSE
319,TRUE,FALSE,FALSE,TRUE
320,TRUE,FALSE,FALSE,FALSE
321,FALSE,FALSE,FALSE,FALSE
322,TRUE,FALSE,FALSE,FALSE
323,TRUE,FALSE,TRUE,FALSE
324,TRUE,TRUE,FALSE,FALSE
325,TRUE,TRUE,TRUE,TRUE
326,FALSE,TRUE,TRUE,FALSE
327,TRUE,TRUE,FALSE,FALSE
328,TRUE,FALSE,TRUE,TRUE
329,TRUE,FALSE,FALSE,TRUE
330,FALSE,FALSE,TRUE,FALSE
331,TRUE,TRUE,TRUE,FALSE
332,TRUE,FALSE,TRUE,FALSE
333,TRUE,FALSE,FALSE,TRUE
334,FALSE,FALSE,FALSE,FALSE
335,TRUE,FALSE,FALSE,TRUE
336,TRUE,FALSE,FALSE,FALSE
337,TRUE,FALSE,TRUE,TRUE
338,FALSE,FALSE,FALSE,TRUE
339,TRUE,TRUE,FALSE,TRUE
340,TRUE,TRUE,TRUE,FALSE
341,FALSE,TRUE,TRUE,FALSE
342,FALSE,TRUE,FALSE,FALSE
343,FALSE,FALSE,TRUE,FALSE
344,FALSE,FALSE,FALSE,FALSE
345,TRUE,TRUE,TRUE,TRUE
346,TRUE,FALSE,FALSE,FALSE
347,FALSE,TRUE,TRUE,FALSE
348,TRUE,TRUE,FALSE,FALSE
349,FALSE,FALSE,TRUE,TRUE
350,FALSE,TRUE,FALSE,FALSE
351,TRUE,FALSE,FALSE,FALSE
352,FALSE,TRUE,FALSE,FALSE
353,TRUE,FALSE,FALSE,TRUE
354,TRUE,TRUE,FALSE,FALSE
355,TRUE,TRUE,FALSE,FALSE
356,TRUE,TRUE,TRUE,TRUE
357,TRUE,TRUE,FALSE,FALSE
358,FALSE,FALSE,TRUE,TRUE
359,TRUE,FALSE,FALSE,FALSE
360,FALSE,FALSE,TRUE,FALSE
361,TRUE,TRUE,FALSE,TRUE
362,TRUE,FALSE,TRUE,TRUE
363,FALSE,TRUE,FALSE,FALSE
364,TRUE,FALSE,TRUE,FALSE
365,TRUE,TRUE,FALSE,FALSE
366,FALSE,TRUE,TRUE,FALSE
367,TRUE,TRUE,TRUE,FALSE
368,TRUE,TRUE,TRUE,TRUE
369,TRUE,FALSE,FALSE,FALSE
370,TRUE,FALSE,TRUE,TRUE
371,TRUE,FALSE,FALSE,FALSE
372,TRUE,TRUE,FALSE,FALSE
373,FALSE,FALSE,FALSE,FALSE
374,FALSE,TRUE,FALSE,TRUE
375,FALSE,TRUE,TRUE,FALSE
376,TRUE,FALSE,FALSE,FALSE
377,TRUE,FALSE,TRUE,TRUE
378,TRUE,FALSE,FALSE,TRUE
379,TRUE,TRUE,TRUE,FALSE
380,FALSE,FALSE,FALSE,FALSE
381,TRUE,FALSE,FALSE,FALSE
382,TRUE,TRUE,TRUE,FALSE
383,TRUE,FALSE,FALSE,TRUE
384,TRUE,TRUE,FALSE,TRUE
385,TRUE,FALSE,FALSE,FALSE
386,FALSE,FALSE,FALSE,TRUE
387,FALSE,TRUE,FALSE,TRUE
388,FALSE,TRUE,FALSE,TRUE
389,FALSE,FALSE,FALSE,TRUE
390,FALSE,FALSE,FALSE,TRUE
391,FALSE,TRUE,TRUE,FALSE
392,TRUE,FALSE,FALSE,FALSE
393,FALSE,FALSE,TRUE,TRUE
394,TRUE,FALSE,FALSE,FALSE
395,FALSE,FALSE,TRUE,TRUE
396,TRUE,FALSE,TRUE,TRUE
397,FALSE,FALSE,TRUE,TRUE
398,FALSE,TRUE,FALSE,TRUE
399,TRUE,TRUE,FALSE,TRUE
400,FALSE,FALSE,TRUE,FALSE
401,FALSE,TRUE,FALSE,FALSE
402,TRUE,FALSE,FALSE,FALSE
403,TRUE,TRUE,TRUE,FALSE
404,FALSE,TRUE,FALSE,FALSE
405,TRUE,FALSE,TRUE,FALSE
406,FALSE,FALSE,TRUE,FALSE
407,TRUE,FALSE,FALSE,TRUE
408,TRUE,FALSE,TRUE,FALSE
409,FALSE,FALSE,FALSE,FALSE
410,FALSE,TRUE,FALSE,TRUE
411,TRUE,FALSE,FALSE,FALSE
412,FALSE,FALSE,FALSE,TRUE
413,TRUE,FALSE,TRUE,FALSE
414,TRUE,TRUE,FALSE,TRUE
415,FALSE,TRUE,FALSE,FALSE
416,FALSE,FALSE,FALSE,TRUE
417,FALSE,FALSE,TRUE,FALSE
418,TRUE,TRUE,TRUE,TRUE
419,FALSE,FALSE,FALSE,FALSE
420,TRUE,FALSE,FALSE,FALSE
421,TRUE,FALSE,FALSE,TRUE
422,TRUE,TRUE,FALSE,TRUE
423,TRUE,TRUE,FALSE,FALSE
424,TRUE,TRUE,TRUE,FALSE
425,TRUE,FALSE,FALSE,FALSE
426,TRUE,TRUE,TRUE,TRUE
427,FALSE,TRUE,TRUE,TRUE
428,TRUE,TRUE,FALSE,TRUE
429,TRUE,TRUE,TRUE,TRUE
430,TRUE,TRUE,FALSE,TRUE
431,TRUE,TRUE,TRUE,TRUE
432,FALSE,FALSE,TRUE,FALSE
433,FALSE,FALSE,FALSE,TRUE
434,TRUE,FALSE,TRUE,FALSE
435,TRUE,TRUE,FALSE,TRUE
436,FALSE,TRUE,FALSE,TRUE
437,TRUE,FALSE,FALSE,TRUE
438,FALSE,FALSE,FALSE,FALSE
439,TRUE,FALSE,FALSE,TRUE
440,TRUE,TRUE,FALSE,FALSE
441,TRUE,FALSE,TRUE,FALSE
442,TRUE,TRUE,TRUE,TRUE
443,FALSE,FALSE,FALSE,TRUE
444,TRUE,TRUE,TRUE,TRUE
445,FALSE,FALSE,TRUE,FALSE
446,TRUE,FALSE,FALSE,FALSE
447,TRUE,FALSE,TRUE,TRUE
448,TRUE,TRUE,FALSE,TRUE
449,TRUE,FALSE,FALSE,TRUE
450,TRUE,TRUE,TRUE,FALSE
451,FALSE,TRUE,FALSE,FALSE
452,FALSE,FALSE,FALSE,TRUE
453,FALSE,TRUE,FALSE,TRUE
454,FALSE,FALSE,FALSE,TRUE
455,FALSE,TRUE,TRUE,FALSE
456,TRUE,TRUE,FALSE,FALSE
457,TRUE,FALSE,TRUE,FALSE
458,FALSE,TRUE,FALSE,TRUE
459,FALSE,TRUE,TRUE,FALSE
460,TRUE,TRUE,TRUE,TRUE
461,FALSE,TRUE,FALSE,FALSE
462,FALSE,TRUE,TRUE,TRUE
463,TRUE,TRUE,FALSE,FALSE
464,FALSE,TRUE,FALSE,FALSE
465,TRUE,TRUE,TRUE,TRUE
466,TRUE,TRUE,TRUE,FALSE
467,TRUE,FALSE,TRUE,TRUE
468,FALSE,TRUE,TRUE,FALSE
469,FALSE,FALSE,FALSE,TRUE
470,TRUE,FALSE,TRUE,TRUE
471,FALSE,TRUE,FALSE,FALSE
472,FALSE,FALSE,TRUE,FALSE
473,TRUE,FALSE,TRUE,FALSE
474,TRUE,FALSE,FALSE,TRUE
475,TRUE,TRUE,TRUE,TRUE
476,TRUE,TRUE,FALSE,FALSE
477,TRUE,FALSE,TRUE,TRUE
478,FALSE,FALSE,TRUE,FALSE
479,TRUE,FALSE,FALSE,TRUE
480,TRUE,FALSE,FALSE,TRUE
481,TRUE,TRUE,FALSE,FALSE
482,FALSE,FALSE,FALSE,TRUE
483,FALSE,TRUE,FALSE,TRUE
484,FALSE,FALSE,FALSE,TRUE
485,FALSE,TRUE,FALSE,FALSE
486,TRUE,TRUE,TRUE,TRUE
487,TRUE,TRUE,FALSE,TRUE
488,TRUE,TRUE,TRUE,FALSE
489,TRUE,FALSE,TRUE,TRUE
490,TRUE,FALSE,FALSE,FALSE
491,FALSE,FALSE,TRUE,FALSE
492,TRUE,FALSE,TRUE,TRUE
493,FALSE,FALSE,FALSE,FALSE
494,FALSE,TRUE,TRUE,FALSE
495,FALSE,FALSE,FALSE,FALSE
496,TRUE,TRUE,TRUE,FALSE
497,TRUE,FALSE,TRUE,FALSE
498,TRUE,TRUE,FALSE,TRUE
499,FALSE,FALSE,TRUE,TRUE
500,TRUE,TRUE,TRUE,TRUE
501,TRUE,FALSE,FALSE,FALSE
502,FALSE,FALSE,FALSE,FALSE
503,TRUE,TRUE,TRUE,TRUE
504,FALSE,TRUE,TRUE,FALSE
505,TRUE,TRUE,FALSE,FALSE
506,FALSE,FALSE,TRUE,FALSE
507,FALSE,FALSE,FALSE,TRUE
508,TRUE,FALSE,FALSE,FALSE
509,FALSE,TRUE,TRUE,FALSE
510,TRUE,TRUE,FALSE,FALSE
511,FALSE,FALSE,FALSE,FALSE
512,TRUE,TRUE,TRUE,FALSE
513,FALSE,TRUE,FALSE,FALSE
514,FALSE,FALSE,TRUE,FALSE
515,TRUE,TRUE,TRUE,FALSE
516,FALSE,TRUE,TRUE,TRUE
517,FALSE,TRUE,FALSE,FALSE
518,TRUE,FALSE,TRUE,FALSE
519,TRUE,TRUE,TRUE,TRUE
520,TRUE,FALSE,TRUE,TRUE
521,FALSE,TRUE,TRUE,TRUE
522,TRUE,FALSE,FALSE,FALSE
523,TRUE,TRUE,FALSE,FALSE
524,TRUE,FALSE,TRUE,FALSE
525,TRUE,FALSE,FALSE,TRUE
526,TRUE,TRUE,FALSE,TRUE
527,TRUE,TRUE,FALSE,TRUE
528,FALSE,FALSE,TRUE,FALSE
529,FALSE,TRUE,FALSE,TRUE
530,TRUE,FALSE,FALSE,FALSE
531,FALSE,TRUE,FALSE,FALSE
532,FALSE,FALSE,FALSE,TRUE
533,TRUE,TRUE,FALSE,FALSE
534,FALSE,TRUE,TRUE,TRUE
535,FALSE,TRUE,FALSE,FALSE
536,TRUE,TRUE,FALSE,TRUE
537,FALSE,FALSE,TRUE,FALSE
538,TRUE,FALSE,TRUE,TRUE
539,TRUE,TRUE,TRUE,FALSE
540,FALSE,FALSE,TRUE,TRUE
541,TRUE,TRUE,FALSE,TRUE
542,FALSE,FALSE,FALSE,FALSE
543,FALSE,FALSE,FALSE,FALSE
544,TRUE,TRUE,FALSE,TRUE
545,TRUE,FALSE,FALSE,FALSE
546,TRUE,TRUE,TRUE,TRUE
547,TRUE,TRUE,FALSE,TRUE
548,TRUE,TRUE,TRUE,TRUE
549,TRUE,TRUE,TRUE,FALSE
550,FALSE,TRUE,TRUE,TRUE
551,FALSE,FALSE,FALSE,TRUE
552,TRUE,FALSE,FALSE,FALSE
553,FALSE,TRUE,TRUE,FALSE
554,TRUE,TRUE,TRUE,TRUE
555,TRUE,TRUE,TRUE,FALSE
556,FALSE,TRUE,TRUE,FALSE
557,FALSE,FALSE,TRUE,TRUE
558,TRUE,FALSE,TRUE,FALSE
559,TRUE,TRUE,FALSE,TRUE
560,TRUE,TRUE,TRUE,TRUE
561,TRUE,FALSE,TRUE,TRUE
562,TRUE,TRUE,TRUE,TRUE
563,TRUE,FALSE,TRUE,TRUE
564,TRUE,FALSE,TRUE,TRUE
565,TRUE,FALSE,FALSE,TRUE
566,TRUE,FALSE,TRUE,TRUE
567,TRUE,FALSE,FALSE,FALSE
568,TRUE,FALSE,TRUE,TRUE
569,TRUE,FALSE,TRUE,FALSE
570,TRUE,FALSE,FALSE,TRUE
571,FALSE,FALSE,TRUE,FALSE
572,FALSE,FALSE,FALSE,TRUE
573,TRUE,FALSE,FALSE,TRUE
574,TRUE,TRUE,FALSE,TRUE
575,TRUE,TRUE,FALSE,FALSE
576,FALSE,FALSE,FALSE,TRUE
577,TRUE,FALSE,FALSE,FALSE
578,TRUE,FALSE,TRUE,TRUE
579,TRUE,FALSE,FALSE,FALSE
580,FALSE,TRUE,TRUE,FALSE
581,FALSE,TRUE,TRUE,TRUE
582,TRUE,FALSE,FALSE,FALSE
583,TRUE,TRUE,FALSE,TRUE
584,FALSE,TRUE,FALSE,TRUE
585,TRUE,FALSE,TRUE,TRUE
586,TRUE,TRUE,FALSE,TRUE
587,TRUE,FALSE,FALSE,TRUE
588,TRUE,TRUE,TRUE,TRUE
589,TRUE,FALSE,FALSE,TRUE
590,TRUE,TRUE,TRUE,TRUE
591,TRUE,TRUE,FALSE,FALSE
592,FALSE,FALSE,TRUE,FALSE
593,FALSE,TRUE,FALSE,TRUE
594,TRUE,TRUE,TRUE,FALSE
595,FALSE,TRUE,FALSE,FALSE
596,TRUE,TRUE,FALSE,FALSE
597,FALSE,TRUE,TRUE,TRUE
598,TRUE,FALSE,FALSE,FALSE
599,FALSE,TRUE,FALSE,FALSE
600,TRUE,FALSE,TRUE,FALSE
601,FALSE,TRUE,TRUE,TRUE
602,TRUE,TRUE,FALSE,TRUE
603,TRUE,FALSE,TRUE,FALSE
604,TRUE,FALSE,FALSE,TRUE
605,TRUE,FALSE,FALSE,TRUE
606,FALSE,FALSE,TRUE,FALSE
607,TRUE,TRUE,TRUE,TRUE
608,FALSE,TRUE,FALSE,TRUE
609,FALSE,FALSE,TRUE,TRUE
610,FALSE,TRUE,FALSE,FALSE
611,FALSE,FALSE,TRUE,FALSE
612,FALSE,FALSE,FALSE,TRUE
613,TRUE,FALSE,FALSE,FALSE
614,TRUE,FALSE,FALSE,FALSE
615,FALSE,TRUE,FALSE,TRUE
616,TRUE,TRUE,FALSE,TRUE
617,TRUE,FALSE,FALSE,FALSE
618,FALSE,TRUE,FALSE,TRUE
619,TRUE,TRUE,TRUE,FALSE
620,FALSE,FALSE,TRUE,FALSE
621,TRUE,FALSE,TRUE,FALSE
622,FALSE,FALSE,FALSE,TRUE
623,FALSE,TRUE,TRUE,TRUE
624,TRUE,TRUE,TRUE,TRUE
625,FALSE,TRUE,TRUE,FALSE
626,TRUE,FALSE,TRUE,FALSE
627,FALSE,FALSE,FALSE,FALSE
628,TRUE,TRUE,FALSE,FALSE
629,FALSE,FALSE,TRUE,TRUE
630,TRUE,TRUE,FALSE,TRUE
631,TRUE,TRUE,FALSE,FALSE
632,FALSE,TRUE,FALSE,FALSE
633,TRUE,FALSE,FALSE,TRUE
634,TRUE,FALSE,FALSE,TRUE
635,TRUE,TRUE,TRUE,FALSE
636,FALSE,FALSE,FALSE,FALSE
637,FALSE,TRUE,TRUE,FALSE
638,TRUE,FALSE,FALSE,FALSE
639,TRUE,TRUE,TRUE,FALSE
640,TRUE,TRUE,TRUE,TRUE
641,FALSE,FALSE,FALSE,FALSE
642,TRUE,TRUE,TRUE,FALSE
643,FALSE,TRUE,FALSE,FALSE
644,FALSE,TRUE,TRUE,FALSE
645,TRUE,TRUE,TRUE,FALSE
646,TRUE,TRUE,FALSE,TRUE
647,FALSE,FALSE,TRUE,FALSE
648,TRUE,FALSE,FALSE,FALSE
649,FALSE,FALSE,TRUE,TRUE
650,TRUE,FALSE,FALSE,TRUE
651,FALSE,FALSE,TRUE,FALSE
652,TRUE,FALSE,TRUE,TRUE
653,FALSE,FALSE,FALSE,TRUE
654,FALSE,FALSE,FALSE,FALSE
655,FALSE,TRUE,TRUE,FALSE
656,FALSE,TRUE,FALSE,TRUE
657,FALSE,TRUE,TRUE,FALSE
658,TRUE,TRUE,TRUE,FALSE
659,FALSE,FALSE,TRUE,TRUE
660,TRUE,FALSE,FALSE,FALSE
661,TRUE,FALSE,FALSE,TRUE
662,FALSE,FALSE,FALSE,FALSE
663,TRUE,TRUE,TRUE,TRUE
664,TRUE,FALSE,TRUE,TRUE
665,FALSE,TRUE,TRUE,TRUE
666,TRUE,TRUE,FALSE,FALSE
667,TRUE,FALSE,TRUE,TRUE
668,TRUE,FALSE,FALSE,FALSE
669,TRUE,FALSE,FALSE,FALSE
670,TRUE,TRUE,FALSE,FALSE
671,FALSE,FALSE,FALSE,FALSE
672,TRUE,FALSE,FALSE,TRUE
673,TRUE,FALSE,TRUE,FALSE
674,TRUE,TRUE,TRUE,TRUE
675,FALSE,FALSE,TRUE,FALSE
676,FALSE,FALSE,TRUE,TRUE
677,FALSE,FALSE,FALSE,FALSE
678,TRUE,FALSE,FALSE,FALSE
679,TRUE,FALSE,FALSE,FALSE
680,FALSE,TRUE,TRUE,FALSE
681,FALSE,TRUE,TRUE,FALSE
682,TRUE,FALSE,FALSE,FALSE
683,FALSE,TRUE,TRUE,FALSE
684,FALSE,TRUE,TRUE,FALSE
685,FALSE,TRUE,TRUE,TRUE
686,TRUE,FALSE,FALSE,FALSE
687,FALSE,TRUE,TRUE,FALSE
688,TRUE,FALSE,FALSE,FALSE
689,FALSE,TRUE,TRUE,TRUE
690,TRUE,FALSE,FALSE,TRUE
691,TRUE,TRUE,TRUE,TRUE
692,TRUE,FALSE,TRUE,TRUE
693,TRUE,FALSE,FALSE,FALSE
694,TRUE,TRUE,FALSE,FALSE
695,FALSE,FALSE,FALSE,FALSE
696,FALSE,TRUE,TRUE,TRUE
697,FALSE,TRUE,FALSE,FALSE
698,TRUE,TRUE,TRUE,FALSE
699,FALSE,FALSE,FALSE,TRUE
700,TRUE,TRUE,TRUE,FALSE
701,TRUE,FALSE,TRUE,TRUE
702,FALSE,TRUE,TRUE,FALSE
703,TRUE,FALSE,FALSE,FALSE
704,FALSE,FALSE,TRUE,TRUE
705,FALSE,TRUE,FALSE,TRUE
706,TRUE,FALSE,TRUE,FALSE
707,FALSE,FALSE,TRUE,TRUE
708,FALSE,TRUE,TRUE,FALSE
709,FALSE,FALSE,TRUE,FALSE
710,FALSE,FALSE,FALSE,TRUE
711,TRUE,FALSE,TRUE,FALSE
712,TRUE,FALSE,TRUE,TRUE
713,FALSE,FALSE,FALSE,FALSE
714,TRUE,TRUE,TRUE,TRUE
715,TRUE,TRUE,FALSE,TRUE
716,TRUE,FALSE,FALSE,FALSE
717,TRUE,FALSE,TRUE,TRUE
718,FALSE,FALSE,TRUE,TRUE
719,FALSE,FALSE,FALSE,TRUE
720,TRUE,TRUE,FALSE,FALSE
721,TRUE,FALSE,FALSE,FALSE
722,TRUE,TRUE,FALSE,TRUE
723,FALSE,TRUE,FALSE,TRUE
724,FALSE,FALSE,FALSE,TRUE
725,FALSE,TRUE,FALSE,TRUE
726,TRUE,FALSE,FALSE,TRUE
727,TRUE,TRUE,TRUE,FALSE
728,TRUE,FALSE,FALSE,FALSE
729,FALSE,FALSE,TRUE,TRUE
730,FALSE,TRUE,TRUE,FALSE
731,FALSE,FALSE,FALSE,TRUE
732,TRUE,FALSE,FALSE,TRUE
733,FALSE,TRUE,TRUE,TRUE
734,FALSE,FALSE,TRUE,FALSE
735,TRUE,TRUE,FALSE,FALSE
736,TRUE,TRUE,FALSE,FALSE
737,FALSE,TRUE,FALSE,TRUE
738,TRUE,TRUE,FALSE,TRUE
739,FALSE,FALSE,TRUE,TRUE
740,FALSE,TRUE,TRUE,FALSE
741,TRUE,TRUE,TRUE,FALSE
742,TRUE,FALSE,TRUE,FALSE
743,FALSE,TRUE,TRUE,FALSE
744,FALSE,TRUE,TRUE,TRUE
745,TRUE,TRUE,TRUE,FALSE
746,TRUE,FALSE,FALSE,TRUE
747,TRUE,TRUE,FALSE,TRUE
748,TRUE,FALSE,FALSE,FALSE
749,FALSE,TRUE,FALSE,FALSE
750,FALSE,TRUE,TRUE,FALSE
751,TRUE,TRUE,TRUE,FALSE
752,TRUE,TRUE,FALSE,FALSE
753,TRUE,FALSE,TRUE,TRUE
754,TRUE,FALSE,TRUE,TRUE
755,TRUE,FALSE,TRUE,FALSE
756,FALSE,TRUE,TRUE,FALSE
757,TRUE,TRUE,FALSE,TRUE
758,TRUE,FALSE,FALSE,FALSE
759,TRUE,FALSE,FALSE,TRUE
760,TRUE,TRUE,FALSE,TRUE
761,TRUE,FALSE,TRUE,TRUE
762,TRUE,FALSE,FALSE,TRUE
763,TRUE,TRUE,TRUE,FALSE
764,TRUE,FALSE,FALSE,TRUE
765,TRUE,FALSE,TRUE,FALSE
766,FALSE,TRUE,FALSE,FALSE
767,TRUE,FALSE,TRUE,FALSE
768,TRUE,TRUE,TRUE,FALSE
769,FALSE,FALSE,TRUE,FALSE
770,FALSE,FALSE,TRUE,FALSE
771,TRUE,TRUE,TRUE,TRUE
772,TRUE,TRUE,TRUE,TRUE
773,TRUE,TRUE,TRUE,TRUE
774,TRUE,TRUE,TRUE,FALSE
775,TRUE,FALSE,TRUE,TRUE
776,TRUE,FALSE,FALSE,FALSE
777,FALSE,TRUE,FALSE,TRUE
778,TRUE,TRUE,FALSE,TRUE
779,FALSE,FALSE,FALSE,FALSE
780,TRUE,FALSE,FALSE,TRUE
781,TRUE,TRUE,TRUE,FALSE
782,TRUE,TRUE,FALSE,FALSE
783,TRUE,TRUE,FALSE,FALSE
784,FALSE,FALSE,TRUE,TRUE
785,TRUE,TRUE,FALSE,FALSE
786,FALSE,FALSE,FALSE,FALSE
787,FALSE,TRUE,TRUE,TRUE
788,FALSE,TRUE,FALSE,TRUE
789,TRUE,FALSE,FALSE,TRUE
790,TRUE,TRUE,TRUE,FALSE
791,TRUE,TRUE,TRUE,TRUE
792,TRUE,TRUE,TRUE,FALSE
793,FALSE,FALSE,TRUE,TRUE
794,FALSE,FALSE,FALSE,TRUE
795,TRUE,TRUE,FALSE,FALSE
796,TRUE,TRUE,FALSE,FALSE
797,FALSE,TRUE,TRUE,FALSE
798,FALSE,FALSE,FALSE,TRUE
799,TRUE,TRUE,TRUE,FALSE
800,FALSE,TRUE,FALSE,TRUE
801,TRUE,FALSE,TRUE,TRUE
802,TRUE,TRUE,FALSE,FALSE
803,TRUE,FALSE,FALSE,FALSE
804,TRUE,TRUE,TRUE,FALSE
805,TRUE,TRUE,TRUE,FALSE
806,FALSE,FALSE,TRUE,TRUE
807,FALSE,FALSE,FALSE,TRUE
808,TRUE,TRUE,FALSE,FALSE
809,TRUE,TRUE,TRUE,FALSE
810,TRUE,FALSE,TRUE,TRUE
811,TRUE,FALSE,TRUE,TRUE
812,TRUE,FALSE,TRUE,TRUE
813,TRUE,TRUE,FALSE,FALSE
814,TRUE,TRUE,TRUE,FALSE
815,FALSE,TRUE,TRUE,TRUE
816,FALSE,TRUE,FALSE,FALSE
817,TRUE,TRUE,FALSE,TRUE
818,TRUE,FALSE,TRUE,FALSE
819,FALSE,TRUE,FALSE,TRUE
820,TRUE,TRUE,TRUE,FALSE
821,TRUE,TRUE,FALSE,FALSE
822,FALSE,TRUE,FALSE,TRUE
823,TRUE,TRUE,TRUE,TRUE
824,TRUE,FALSE,FALSE,TRUE
825,TRUE,FALSE,TRUE,TRUE
826,FALSE,FALSE,TRUE,FALSE
827,TRUE,FALSE,FALSE,TRUE
828,TRUE,FALSE,FALSE,FALSE
829,FALSE,TRUE,TRUE,TRUE
830,TRUE,TRUE,FALSE,TRUE
831,FALSE,FALSE,FALSE,TRUE
832,FALSE,FALSE,FALSE,FALSE
833,TRUE,FALSE,TRUE,FALSE
834,TRUE,FALSE,FALSE,FALSE
835,TRUE,FALSE,FALSE,TRUE
836,TRUE,FALSE,TRUE,TRUE
837,FALSE,FALSE,FALSE,FALSE
838,TRUE,FALSE,TRUE,FALSE
839,FALSE,TRUE,TRUE,FALSE
840,FALSE,TRUE,TRUE,TRUE
841,FALSE,TRUE,TRUE,TRUE
842,TRUE,FALSE,FALSE,FALSE
843,FALSE,FALSE,TRUE,TRUE
844,FALSE,FALSE,TRUE,FALSE
845,TRUE,FALSE,TRUE,FALSE
846,TRUE,TRUE,FALSE,FALSE
847,TRUE,TRUE,TRUE,TRUE
848,FALSE,FALSE,TRUE,TRUE
849,FALSE,TRUE,TRUE,FALSE
850,FALSE,FALSE,TRUE,FALSE
851,TRUE,FALSE,TRUE,TRUE
852,FALSE,FALSE,TRUE,FALSE
853,FALSE,FALSE,TRUE,FALSE
854,FALSE,FALSE,TRUE,FALSE
855,FALSE,TRUE,TRUE,FALSE
856,TRUE,TRUE,TRUE,TRUE
857,TRUE,TRUE,TRUE,FALSE
858,TRUE,TRUE,TRUE,FALSE
859,TRUE,FALSE,FALSE,TRUE
860,TRUE,TRUE,FALSE,FALSE
861,FALSE,TRUE,TRUE,TRUE
862,TRUE,TRUE,FALSE,FALSE
863,FALSE,TRUE,FALSE,TRUE
864,TRUE,FALSE,FALSE,FALSE
865,FALSE,FALSE,TRUE,TRUE
866,TRUE,FALSE,FALSE,FALSE
867,TRUE,FALSE,FALSE,FALSE
868,TRUE,FALSE,TRUE,TRUE
869,TRUE,TRUE,FALSE,TRUE
870,TRUE,FALSE,FALSE,TRUE
871,FALSE,TRUE,FALSE,FALSE
872,TRUE,TRUE,FALSE,FALSE
873,FALSE,FALSE,TRUE,TRUE
874,TRUE,FALSE,FALSE,TRUE
875,FALSE,FALSE,TRUE,FALSE
876,FALSE,FALSE,FALSE,TRUE
877,TRUE,FALSE,FALSE,TRUE
878,TRUE,TRUE,FALSE,TRUE
879,FALSE,TRUE,FALSE,TRUE
880,FALSE,FALSE,FALSE,TRUE
881,TRUE,TRUE,TRUE,TRUE
882,FALSE,TRUE,TRUE,TRUE
883,TRUE,FALSE,TRUE,TRUE
884,FALSE,FALSE,FALSE,FALSE
885,TRUE,FALSE,TRUE,TRUE
886,TRUE,TRUE,FALSE,TRUE
887,FALSE,TRUE,TRUE,FALSE
888,TRUE,FALSE,TRUE,FALSE
889,TRUE,FALSE,TRUE,FALSE
890,FALSE,TRUE,FALSE,FALSE
891,TRUE,TRUE,TRUE,TRUE
892,TRUE,TRUE,FALSE,TRUE
893,FALSE,FALSE,TRUE,FALSE
894,TRUE,FALSE,FALSE,FALSE
895,FALSE,TRUE,FALSE,FALSE
896,FALSE,FALSE,FALSE,TRUE
897,TRUE,TRUE,FALSE,FALSE
898,TRUE,FALSE,FALSE,FALSE
899,TRUE,TRUE,FALSE,TRUE
900,TRUE,FALSE,FALSE,TRUE
901,FALSE,FALSE,FALSE,FALSE
902,FALSE,FALSE,FALSE,TRUE
903,TRUE,FALSE,FALSE,FALSE
904,FALSE,TRUE,TRUE,FALSE
905,FALSE,TRUE,FALSE,TRUE
906,TRUE,TRUE,TRUE,FALSE
907,TRUE,FALSE,TRUE,FALSE
908,FALSE,FALSE,FALSE,FALSE
909,TRUE,FALSE,TRUE,TRUE
910,TRUE,FALSE,FALSE,TRUE
911,FALSE,TRUE,FALSE,TRUE
912,TRUE,TRUE,TRUE,FALSE
913,TRUE,TRUE,FALSE,TRUE
914,TRUE,TRUE,TRUE,FALSE
915,FALSE,TRUE,TRUE,FALSE
916,TRUE,TRUE,TRUE,FALSE
917,FALSE,FALSE,TRUE,FALSE
918,TRUE,FALSE,FALSE,TRUE
919,TRUE,TRUE,FALSE,FALSE
920,FALSE,FALSE,FALSE,FALSE
921,TRUE,TRUE,TRUE,FALSE
922,FALSE,TRUE,FALSE,FALSE
923,FALSE,FALSE,TRUE,TRUE
924,FALSE,TRUE,TRUE,FALSE
925,TRUE,FALSE,TRUE,FALSE
926,FALSE,TRUE,TRUE,FALSE
927,FALSE,TRUE,TRUE,FALSE
928,TRUE,TRUE,TRUE,FALSE
929,TRUE,TRUE,FALSE,TRUE
930,TRUE,FALSE,FALSE,TRUE
931,TRUE,TRUE,FALSE,TRUE
932,TRUE,TRUE,TRUE,FALSE
933,FALSE,FALSE,TRUE,TRUE
934,FALSE,FALSE,FALSE,FALSE
935,TRUE,TRUE,FALSE,FALSE
936,FALSE,TRUE,FALSE,FALSE
937,TRUE,FALSE,TRUE,TRUE
938,TRUE,TRUE,FALSE,FALSE
939,TRUE,FALSE,FALSE,FALSE
940,FALSE,TRUE,TRUE,TRUE
941,FALSE,FALSE,TRUE,FALSE
942,FALSE,TRUE,FALSE,FALSE
943,TRUE,FALSE,FALSE,FALSE
944,FALSE,FALSE,TRUE,FALSE
945,TRUE,FALSE,TRUE,TRUE
946,TRUE,TRUE,TRUE,TRUE
947,FALSE,FALSE,TRUE,FALSE
948,FALSE,TRUE,FALSE,FALSE
949,FALSE,FALSE,FALSE,TRUE
950,TRUE,FALSE,FALSE,TRUE
951,FALSE,TRUE,FALSE,FALSE
952,TRUE,TRUE,FALSE,TRUE
953,TRUE,TRUE,TRUE,TRUE
954,TRUE,FALSE,TRUE,FALSE
955,TRUE,FALSE,FALSE,TRUE
956,TRUE,TRUE,TRUE,TRUE
957,TRUE,TRUE,FALSE,TRUE
958,FALSE,TRUE,FALSE,TRUE
959,FALSE,TRUE,FALSE,TRUE
960,TRUE,TRUE,FALSE,TRUE
961,FALSE,TRUE,TRUE,FALSE
962,FALSE,FALSE,FALSE,FALSE
963,FALSE,TRUE,FALSE,FALSE
964,TRUE,TRUE,FALSE,TRUE
965,TRUE,TRUE,TRUE,TRUE
966,TRUE,TRUE,FALSE,FALSE
967,TRUE,FALSE,TRUE,TRUE
968,TRUE,TRUE,TRUE,FALSE
969,FALSE,TRUE,FALSE,TRUE
970,TRUE,TRUE,TRUE,FALSE
971,FALSE,FALSE,TRUE,FALSE
972,TRUE,FALSE,FALSE,FALSE
973,TRUE,TRUE,FALSE,FALSE
974,FALSE,FALSE,TRUE,FALSE
975,TRUE,TRUE,FALSE,FALSE
976,TRUE,TRUE,TRUE,TRUE
977,TRUE,TRUE,FALSE,TRUE
978,FALSE,FALSE,FALSE,TRUE
979,TRUE,TRUE,FALSE,FALSE
980,FALSE,TRUE,TRUE,TRUE
981,FALSE,TRUE,TRUE,FALSE
982,TRUE,FALSE,TRUE,TRUE
983,TRUE,FALSE,FALSE,FALSE
984,FALSE,FALSE,TRUE,FALSE
985,FALSE,TRUE,FALSE,TRUE
986,FALSE,TRUE,FALSE,FALSE
987,TRUE,FALSE,TRUE,FALSE
988,FALSE,TRUE,FALSE,FALSE
989,FALSE,FALSE,TRUE,TRUE
990,FALSE,FALSE,FALSE,FALSE
991,TRUE,TRUE,TRUE,TRUE
992,TRUE,TRUE,FALSE,FALSE
993,TRUE,TRUE,FALSE,FALSE
994,FALSE,TRUE,TRUE,FALSE
995,FALSE,TRUE,TRUE,FALSE
996,TRUE,TRUE,FALSE,FALSE
997,TRUE,TRUE,TRUE,FALSE
998,FALSE,TRUE,FALSE,TRUE
999,FALSE,FALSE,FALSE,TRUE
1000,TRUE,TRUE,FALSE,FALSE
