utility_id,electricity,water,gas,internet
1,Pacific Gas & Electric,United Utilities,Centrica,Verizon
2,National Grid,Thames Water,AmeriGas,Spectrum
3,Pacific Gas & Electric,Severn Trent,AmeriGas,Spectrum
4,Con Edison,United Utilities,AmeriGas,Spectrum
5,Con Edison,United Utilities,Suburban Propane,Verizon
6,Southern California Edison,United Utilities,Centrica,Spectrum
7,National Grid,Severn Trent,British Gas,AT&T
8,Pacific Gas & Electric,American Water,Ferrellgas,Spectrum
9,Southern California Edison,Severn Trent,Suburban Propane,Verizon
10,Con Edison,Severn Trent,Suburban Propane,Verizon
11,Southern California Edison,Thames Water,British Gas,Spectrum
12,TXU Energy,Thames Water,Suburban Propane,Verizon
13,National Grid,Aqua America,British Gas,Verizon
14,Southern California Edison,Severn Trent,British Gas,Verizon
15,National Grid,Severn Trent,Centrica,Spectrum
16,National Grid,Aqua America,Suburban Propane,Verizon
17,National Grid,Severn Trent,Suburban Propane,Verizon
18,Con Edison,Severn Trent,Ferrellgas,Verizon
19,Con Edison,Aqua America,British Gas,Spectrum
20,Con Edison,Aqua America,Ferrellgas,Spectrum
21,National Grid,Aqua America,Ferrellgas,Verizon
22,Con Edison,United Utilities,Ferrellgas,Verizon
23,National Grid,Thames Water,AmeriGas,AT&T
24,National Grid,Aqua America,Centrica,Comcast
25,Con Edison,United Utilities,British Gas,Spectrum
26,National Grid,Thames Water,Suburban Propane,Spectrum
27,National Grid,Aqua America,AmeriGas,Verizon
28,National Grid,Severn Trent,AmeriGas,Cox Communications
29,Con Edison,Severn Trent,AmeriGas,Verizon
30,National Grid,Thames Water,Suburban Propane,Spectrum
31,Con Edison,American Water,AmeriGas,Spectrum
32,Con Edison,Thames Water,AmeriGas,Verizon
33,National Grid,United Utilities,Suburban Propane,Comcast
34,Con Edison,Severn Trent,Centrica,Spectrum
35,Southern California Edison,Severn Trent,AmeriGas,Verizon
36,National Grid,Aqua America,British Gas,Cox Communications
37,TXU Energy,United Utilities,Centrica,AT&T
38,Con Edison,American Water,Suburban Propane,Verizon
39,National Grid,United Utilities,Centrica,Comcast
40,Con Edison,United Utilities,Centrica,AT&T
41,Pacific Gas & Electric,United Utilities,Ferrellgas,Cox Communications
42,National Grid,United Utilities,Suburban Propane,Spectrum
43,Con Edison,American Water,Centrica,Spectrum
44,National Grid,United Utilities,Suburban Propane,Verizon
45,TXU Energy,American Water,AmeriGas,AT&T
46,Con Edison,Thames Water,Suburban Propane,Verizon
47,National Grid,United Utilities,Centrica,Verizon
48,Con Edison,Aqua America,Suburban Propane,Spectrum
49,Con Edison,American Water,Ferrellgas,Spectrum
50,Pacific Gas & Electric,American Water,Ferrellgas,Verizon
51,Con Edison,United Utilities,Ferrellgas,Spectrum
52,National Grid,Aqua America,Suburban Propane,Verizon
53,National Grid,Aqua America,Centrica,Comcast
54,Con Edison,United Utilities,AmeriGas,Verizon
55,Pacific Gas & Electric,Aqua America,British Gas,Verizon
56,Con Edison,American Water,AmeriGas,Spectrum
57,Con Edison,United Utilities,Ferrellgas,Verizon
58,National Grid,United Utilities,Centrica,Spectrum
59,Con Edison,United Utilities,Suburban Propane,Spectrum
60,TXU Energy,Thames Water,Suburban Propane,Spectrum
61,National Grid,United Utilities,Centrica,Verizon
62,Con Edison,Severn Trent,Centrica,Spectrum
63,National Grid,Severn Trent,Ferrellgas,Verizon
64,Con Edison,American Water,Ferrellgas,Comcast
65,National Grid,Thames Water,Centrica,Comcast
66,National Grid,Thames Water,Ferrellgas,Cox Communications
67,National Grid,Aqua America,British Gas,Verizon
68,National Grid,United Utilities,Suburban Propane,Spectrum
69,National Grid,Severn Trent,Ferrellgas,Verizon
70,Con Edison,Thames Water,Ferrellgas,Spectrum
71,Con Edison,Severn Trent,Ferrellgas,Spectrum
72,National Grid,Severn Trent,Centrica,AT&T
73,National Grid,United Utilities,British Gas,Spectrum
74,National Grid,Severn Trent,Ferrellgas,Cox Communications
75,National Grid,American Water,British Gas,Verizon
76,TXU Energy,American Water,British Gas,Verizon
77,Southern California Edison,Thames Water,Centrica,Spectrum
78,Con Edison,Thames Water,Ferrellgas,Spectrum
79,Con Edison,Aqua America,British Gas,Verizon
80,Con Edison,Severn Trent,Ferrellgas,AT&T
81,Con Edison,Thames Water,Ferrellgas,Verizon
82,National Grid,United Utilities,AmeriGas,Verizon
83,Southern California Edison,Thames Water,Suburban Propane,Comcast
84,Con Edison,American Water,Ferrellgas,Spectrum
85,Pacific Gas & Electric,Severn Trent,Centrica,Verizon
86,National Grid,American Water,Suburban Propane,Verizon
87,Southern California Edison,Thames Water,Centrica,Verizon
88,Con Edison,Thames Water,Centrica,Verizon
89,National Grid,American Water,Centrica,Verizon
90,Con Edison,Aqua America,AmeriGas,Spectrum
91,National Grid,Aqua America,Suburban Propane,Spectrum
92,Con Edison,Thames Water,Centrica,Spectrum
93,National Grid,Aqua America,AmeriGas,Spectrum
94,Con Edison,American Water,Suburban Propane,Spectrum
95,TXU Energy,Severn Trent,Centrica,Verizon
96,Con Edison,Thames Water,Centrica,Verizon
97,Con Edison,United Utilities,Ferrellgas,Spectrum
98,TXU Energy,Aqua America,Suburban Propane,Verizon
99,Con Edison,Aqua America,British Gas,Spectrum
100,Pacific Gas & Electric,United Utilities,Centrica,Verizon
101,Con Edison,United Utilities,Centrica,Spectrum
102,National Grid,American Water,Centrica,Spectrum
103,Con Edison,American Water,Ferrellgas,Verizon
104,Con Edison,Aqua America,Ferrellgas,Verizon
105,Pacific Gas & Electric,Severn Trent,Ferrellgas,Verizon
106,National Grid,American Water,Suburban Propane,Verizon
107,Southern California Edison,American Water,AmeriGas,Spectrum
108,Con Edison,Thames Water,Suburban Propane,Spectrum
109,Con Edison,Thames Water,AmeriGas,Verizon
110,Con Edison,American Water,British Gas,Spectrum
111,TXU Energy,Severn Trent,Suburban Propane,Cox Communications
112,TXU Energy,Aqua America,Centrica,Verizon
113,Pacific Gas & Electric,United Utilities,British Gas,AT&T
114,National Grid,American Water,Centrica,Spectrum
115,Con Edison,Severn Trent,AmeriGas,Cox Communications
116,Con Edison,Severn Trent,Ferrellgas,Verizon
117,Southern California Edison,Severn Trent,AmeriGas,Verizon
118,Con Edison,American Water,Suburban Propane,Cox Communications
119,Pacific Gas & Electric,American Water,British Gas,Comcast
120,Con Edison,Severn Trent,British Gas,Spectrum
121,National Grid,Severn Trent,British Gas,Spectrum
122,Con Edison,American Water,AmeriGas,Spectrum
123,Pacific Gas & Electric,Aqua America,Suburban Propane,Cox Communications
124,National Grid,American Water,Ferrellgas,Spectrum
125,Southern California Edison,Thames Water,British Gas,Verizon
126,Pacific Gas & Electric,Severn Trent,Ferrellgas,Spectrum
127,National Grid,Aqua America,British Gas,Spectrum
128,National Grid,United Utilities,British Gas,Spectrum
129,National Grid,American Water,AmeriGas,Cox Communications
130,TXU Energy,Severn Trent,Centrica,Comcast
131,National Grid,American Water,British Gas,Verizon
132,National Grid,United Utilities,Centrica,Spectrum
133,National Grid,American Water,AmeriGas,AT&T
134,Con Edison,Aqua America,British Gas,Comcast
135,Pacific Gas & Electric,United Utilities,Suburban Propane,Verizon
136,Con Edison,Thames Water,British Gas,Verizon
137,Southern California Edison,Thames Water,British Gas,Verizon
138,TXU Energy,Severn Trent,Suburban Propane,Spectrum
139,Con Edison,Thames Water,Suburban Propane,AT&T
140,National Grid,American Water,British Gas,Cox Communications
141,Southern California Edison,Aqua America,Ferrellgas,Verizon
142,TXU Energy,Thames Water,AmeriGas,Verizon
143,TXU Energy,Severn Trent,Ferrellgas,Verizon
144,National Grid,American Water,British Gas,Spectrum
145,Pacific Gas & Electric,Severn Trent,Centrica,Spectrum
146,National Grid,Severn Trent,Suburban Propane,Verizon
147,Con Edison,Aqua America,Suburban Propane,AT&T
148,National Grid,Aqua America,Centrica,Spectrum
149,Con Edison,Severn Trent,AmeriGas,Verizon
150,Con Edison,Severn Trent,AmeriGas,Verizon
151,Con Edison,Thames Water,British Gas,Verizon
152,National Grid,Thames Water,British Gas,Spectrum
153,National Grid,United Utilities,Suburban Propane,Verizon
154,Con Edison,Aqua America,Centrica,Spectrum
155,Con Edison,Thames Water,Centrica,Verizon
156,Pacific Gas & Electric,Severn Trent,Ferrellgas,Spectrum
157,Con Edison,Thames Water,AmeriGas,Verizon
158,National Grid,United Utilities,AmeriGas,Verizon
159,Pacific Gas & Electric,Thames Water,British Gas,Verizon
160,Con Edison,Severn Trent,British Gas,Comcast
161,National Grid,Thames Water,AmeriGas,Spectrum
162,TXU Energy,Thames Water,Ferrellgas,AT&T
163,Con Edison,Aqua America,British Gas,Verizon
164,Southern California Edison,Aqua America,British Gas,AT&T
165,TXU Energy,United Utilities,Ferrellgas,Verizon
166,Con Edison,United Utilities,Suburban Propane,AT&T
167,National Grid,Thames Water,AmeriGas,Spectrum
168,Con Edison,Aqua America,Centrica,Cox Communications
169,Con Edison,Aqua America,Centrica,Verizon
170,National Grid,Thames Water,Centrica,Spectrum
171,National Grid,Aqua America,Centrica,AT&T
172,Con Edison,American Water,Centrica,Spectrum
173,Con Edison,Severn Trent,Suburban Propane,Spectrum
174,National Grid,American Water,AmeriGas,Spectrum
175,National Grid,American Water,British Gas,Spectrum
176,Pacific Gas & Electric,American Water,Centrica,AT&T
177,Con Edison,Aqua America,Ferrellgas,Spectrum
178,Con Edison,Thames Water,Centrica,Spectrum
179,TXU Energy,United Utilities,Suburban Propane,Comcast
180,Con Edison,Severn Trent,AmeriGas,Verizon
181,Con Edison,Severn Trent,Ferrellgas,Cox Communications
182,Con Edison,American Water,Centrica,Cox Communications
183,National Grid,United Utilities,Suburban Propane,Verizon
184,Southern California Edison,Thames Water,Centrica,Spectrum
185,Pacific Gas & Electric,United Utilities,Centrica,Verizon
186,National Grid,United Utilities,Ferrellgas,Verizon
187,TXU Energy,Severn Trent,Suburban Propane,Verizon
188,Con Edison,Aqua America,AmeriGas,Verizon
189,National Grid,American Water,Suburban Propane,Verizon
190,Pacific Gas & Electric,Aqua America,AmeriGas,Spectrum
191,Con Edison,Severn Trent,AmeriGas,Spectrum
192,National Grid,United Utilities,AmeriGas,Verizon
193,National Grid,American Water,AmeriGas,Spectrum
194,National Grid,Thames Water,Suburban Propane,Spectrum
195,Con Edison,Thames Water,Ferrellgas,Cox Communications
196,Con Edison,United Utilities,AmeriGas,Spectrum
197,Southern California Edison,Aqua America,British Gas,AT&T
198,National Grid,Aqua America,AmeriGas,AT&T
199,National Grid,American Water,British Gas,Spectrum
200,Con Edison,Severn Trent,Centrica,Verizon
201,Con Edison,Aqua America,AmeriGas,Verizon
202,Con Edison,Thames Water,British Gas,Comcast
203,Southern California Edison,Thames Water,AmeriGas,Verizon
204,National Grid,Thames Water,Suburban Propane,Verizon
205,Southern California Edison,Aqua America,Ferrellgas,Verizon
206,National Grid,United Utilities,Centrica,Verizon
207,National Grid,Aqua America,Ferrellgas,Cox Communications
208,TXU Energy,Aqua America,Ferrellgas,Spectrum
209,TXU Energy,American Water,Suburban Propane,Spectrum
210,Con Edison,Severn Trent,British Gas,Verizon
211,TXU Energy,Aqua America,Centrica,Cox Communications
212,National Grid,Aqua America,Ferrellgas,Verizon
213,TXU Energy,Severn Trent,AmeriGas,Comcast
214,Con Edison,Thames Water,British Gas,Verizon
215,Con Edison,Severn Trent,Centrica,Comcast
216,National Grid,Aqua America,Ferrellgas,Cox Communications
217,National Grid,United Utilities,Ferrellgas,Comcast
218,Con Edison,American Water,British Gas,Spectrum
219,National Grid,American Water,AmeriGas,Verizon
220,TXU Energy,Severn Trent,Ferrellgas,Cox Communications
221,Con Edison,Severn Trent,Suburban Propane,Verizon
222,Con Edison,Thames Water,Suburban Propane,Verizon
223,National Grid,American Water,British Gas,Verizon
224,National Grid,Severn Trent,Centrica,Verizon
225,National Grid,Aqua America,British Gas,Spectrum
226,Con Edison,Aqua America,British Gas,Spectrum
227,Con Edison,United Utilities,Centrica,Verizon
228,Southern California Edison,United Utilities,Centrica,Spectrum
229,National Grid,Severn Trent,Centrica,AT&T
230,Con Edison,Thames Water,AmeriGas,Comcast
231,National Grid,Thames Water,Ferrellgas,Verizon
232,Con Edison,Thames Water,British Gas,Comcast
233,National Grid,Thames Water,Suburban Propane,Verizon
234,Con Edison,American Water,Centrica,Spectrum
235,National Grid,Thames Water,Centrica,Verizon
236,Con Edison,United Utilities,Centrica,AT&T
237,Con Edison,United Utilities,Ferrellgas,Comcast
238,Con Edison,American Water,Suburban Propane,Spectrum
239,TXU Energy,Severn Trent,British Gas,Spectrum
240,TXU Energy,Aqua America,Ferrellgas,Spectrum
241,National Grid,United Utilities,AmeriGas,Verizon
242,Con Edison,United Utilities,Suburban Propane,Spectrum
243,Southern California Edison,American Water,Suburban Propane,Comcast
244,National Grid,United Utilities,AmeriGas,Spectrum
245,National Grid,Aqua America,British Gas,Spectrum
246,Southern California Edison,American Water,Suburban Propane,Cox Communications
247,Con Edison,Thames Water,Centrica,Comcast
248,Con Edison,Thames Water,British Gas,Spectrum
249,National Grid,Thames Water,Ferrellgas,Verizon
250,National Grid,Aqua America,AmeriGas,Verizon
251,National Grid,Severn Trent,Centrica,Comcast
252,Con Edison,United Utilities,Centrica,Cox Communications
253,Con Edison,Aqua America,Centrica,Verizon
254,Pacific Gas & Electric,Severn Trent,Ferrellgas,Spectrum
255,National Grid,American Water,Centrica,Verizon
256,National Grid,Aqua America,Suburban Propane,Comcast
257,National Grid,American Water,Centrica,Spectrum
258,National Grid,Severn Trent,British Gas,Spectrum
259,Con Edison,Aqua America,Suburban Propane,Verizon
260,Pacific Gas & Electric,United Utilities,Centrica,Verizon
261,Con Edison,Severn Trent,Ferrellgas,AT&T
262,Con Edison,United Utilities,Centrica,Comcast
263,Con Edison,American Water,Ferrellgas,Verizon
264,National Grid,United Utilities,Suburban Propane,Spectrum
265,National Grid,Aqua America,Suburban Propane,Spectrum
266,National Grid,Aqua America,Suburban Propane,Verizon
267,National Grid,Thames Water,Suburban Propane,Verizon
268,Con Edison,United Utilities,Ferrellgas,Cox Communications
269,National Grid,Thames Water,British Gas,Verizon
270,Pacific Gas & Electric,Severn Trent,Ferrellgas,Comcast
271,Con Edison,American Water,Ferrellgas,Verizon
272,National Grid,Severn Trent,Centrica,Comcast
273,National Grid,American Water,Centrica,Verizon
274,TXU Energy,United Utilities,Ferrellgas,Spectrum
275,TXU Energy,Aqua America,AmeriGas,Cox Communications
276,Con Edison,United Utilities,British Gas,Verizon
277,Con Edison,American Water,Suburban Propane,Verizon
278,National Grid,Thames Water,Suburban Propane,Cox Communications
279,National Grid,American Water,Suburban Propane,Comcast
280,National Grid,Thames Water,Centrica,Verizon
281,Con Edison,Severn Trent,Centrica,Verizon
282,Con Edison,Aqua America,British Gas,Cox Communications
283,Con Edison,Severn Trent,British Gas,Spectrum
284,National Grid,United Utilities,Ferrellgas,AT&T
285,TXU Energy,Thames Water,Centrica,Verizon
286,Con Edison,Thames Water,Suburban Propane,Cox Communications
287,National Grid,Severn Trent,Ferrellgas,Verizon
288,Pacific Gas & Electric,Aqua America,AmeriGas,AT&T
289,Con Edison,Aqua America,AmeriGas,Verizon
290,Con Edison,Severn Trent,British Gas,Spectrum
291,National Grid,Aqua America,Centrica,Verizon
292,National Grid,United Utilities,Centrica,Spectrum
293,Con Edison,American Water,AmeriGas,Cox Communications
294,National Grid,Thames Water,British Gas,Cox Communications
295,TXU Energy,Thames Water,British Gas,Verizon
296,National Grid,Thames Water,Centrica,Cox Communications
297,National Grid,American Water,Centrica,Verizon
298,National Grid,United Utilities,AmeriGas,Spectrum
299,National Grid,Severn Trent,Suburban Propane,Cox Communications
300,Southern California Edison,Aqua America,British Gas,AT&T
301,Southern California Edison,Aqua America,Centrica,Verizon
302,National Grid,American Water,British Gas,Spectrum
303,National Grid,Thames Water,Suburban Propane,Spectrum
304,Pacific Gas & Electric,Aqua America,AmeriGas,Spectrum
305,TXU Energy,Severn Trent,Suburban Propane,AT&T
306,Con Edison,Aqua America,AmeriGas,Verizon
307,Southern California Edison,Thames Water,British Gas,Spectrum
308,TXU Energy,Severn Trent,Ferrellgas,Spectrum
309,Con Edison,Thames Water,British Gas,Comcast
310,TXU Energy,Thames Water,Ferrellgas,Spectrum
311,National Grid,American Water,British Gas,Comcast
312,Con Edison,Thames Water,Suburban Propane,Verizon
313,National Grid,Severn Trent,AmeriGas,Verizon
314,Con Edison,American Water,British Gas,Verizon
315,Pacific Gas & Electric,American Water,Centrica,Spectrum
316,TXU Energy,Severn Trent,AmeriGas,Cox Communications
317,TXU Energy,American Water,Suburban Propane,Verizon
318,Con Edison,Severn Trent,British Gas,Spectrum
319,National Grid,Aqua America,AmeriGas,Verizon
320,Con Edison,American Water,Centrica,Spectrum
321,National Grid,Aqua America,AmeriGas,Comcast
322,National Grid,American Water,British Gas,AT&T
323,Con Edison,Thames Water,Centrica,Spectrum
324,National Grid,Severn Trent,British Gas,Verizon
325,National Grid,Thames Water,Ferrellgas,Verizon
326,National Grid,Aqua America,AmeriGas,Spectrum
327,Pacific Gas & Electric,Severn Trent,Centrica,Comcast
328,Con Edison,Severn Trent,British Gas,Spectrum
329,Con Edison,Aqua America,Ferrellgas,Comcast
330,Con Edison,Severn Trent,British Gas,Verizon
331,National Grid,Severn Trent,British Gas,Verizon
332,National Grid,American Water,AmeriGas,Spectrum
333,Con Edison,United Utilities,AmeriGas,AT&T
334,Con Edison,Thames Water,Ferrellgas,Spectrum
335,Southern California Edison,United Utilities,AmeriGas,Verizon
336,Pacific Gas & Electric,Severn Trent,Centrica,Verizon
337,National Grid,United Utilities,Ferrellgas,Comcast
338,Con Edison,American Water,AmeriGas,AT&T
339,National Grid,Aqua America,Suburban Propane,Spectrum
340,National Grid,Aqua America,Centrica,Spectrum
341,National Grid,United Utilities,British Gas,Spectrum
342,National Grid,American Water,Centrica,AT&T
343,Con Edison,Aqua America,Centrica,Verizon
344,Con Edison,United Utilities,Centrica,Verizon
345,Con Edison,United Utilities,Suburban Propane,AT&T
346,National Grid,Thames Water,Centrica,Spectrum
347,Con Edison,American Water,Suburban Propane,Spectrum
348,National Grid,Thames Water,Suburban Propane,Verizon
349,TXU Energy,United Utilities,AmeriGas,AT&T
350,Pacific Gas & Electric,Thames Water,Suburban Propane,Verizon
351,Con Edison,Thames Water,Suburban Propane,Spectrum
352,National Grid,United Utilities,Ferrellgas,Comcast
353,Con Edison,Aqua America,Suburban Propane,Verizon
354,National Grid,Severn Trent,Centrica,Verizon
355,National Grid,Aqua America,British Gas,Comcast
356,Con Edison,American Water,Suburban Propane,Spectrum
357,National Grid,Aqua America,Suburban Propane,Verizon
358,Southern California Edison,United Utilities,AmeriGas,Verizon
359,Con Edison,Thames Water,AmeriGas,Spectrum
360,National Grid,American Water,Centrica,Verizon
361,National Grid,American Water,Ferrellgas,Verizon
362,National Grid,American Water,Suburban Propane,Spectrum
363,TXU Energy,Thames Water,British Gas,Verizon
364,Con Edison,Aqua America,Suburban Propane,Spectrum
365,National Grid,Thames Water,Ferrellgas,AT&T
366,National Grid,Severn Trent,Ferrellgas,Cox Communications
367,Con Edison,American Water,British Gas,Spectrum
368,Con Edison,United Utilities,Centrica,Cox Communications
369,Con Edison,Thames Water,Suburban Propane,Spectrum
370,Con Edison,American Water,Suburban Propane,Cox Communications
371,Con Edison,Thames Water,AmeriGas,Spectrum
372,TXU Energy,Thames Water,Centrica,Comcast
373,Southern California Edison,Aqua America,British Gas,Spectrum
374,Con Edison,Thames Water,Suburban Propane,Verizon
375,National Grid,United Utilities,Ferrellgas,Spectrum
376,National Grid,Severn Trent,Centrica,AT&T
377,National Grid,Severn Trent,Ferrellgas,Verizon
378,National Grid,Thames Water,Ferrellgas,Verizon
379,TXU Energy,Thames Water,Suburban Propane,Spectrum
380,Con Edison,Thames Water,British Gas,Verizon
381,National Grid,Severn Trent,British Gas,Verizon
382,TXU Energy,Thames Water,British Gas,Verizon
383,Southern California Edison,Aqua America,Suburban Propane,Spectrum
384,Con Edison,Thames Water,AmeriGas,Verizon
385,Con Edison,United Utilities,British Gas,Verizon
386,Con Edison,United Utilities,Ferrellgas,Spectrum
387,National Grid,Severn Trent,Ferrellgas,Verizon
388,National Grid,United Utilities,AmeriGas,Verizon
389,National Grid,Severn Trent,Centrica,Spectrum
390,National Grid,United Utilities,Suburban Propane,Spectrum
391,Pacific Gas & Electric,Severn Trent,Suburban Propane,Verizon
392,Con Edison,American Water,Ferrellgas,Cox Communications
393,Con Edison,United Utilities,British Gas,Spectrum
394,Con Edison,Thames Water,British Gas,Cox Communications
395,Con Edison,Severn Trent,AmeriGas,Cox Communications
396,Southern California Edison,Severn Trent,Centrica,Verizon
397,Pacific Gas & Electric,Aqua America,British Gas,Spectrum
398,Con Edison,American Water,British Gas,Spectrum
399,Con Edison,American Water,Ferrellgas,Verizon
400,National Grid,Thames Water,British Gas,Spectrum
401,National Grid,Severn Trent,Suburban Propane,Spectrum
402,Con Edison,American Water,British Gas,AT&T
403,National Grid,American Water,British Gas,Verizon
404,Southern California Edison,Aqua America,Centrica,Spectrum
405,Pacific Gas & Electric,Thames Water,Suburban Propane,Spectrum
406,Pacific Gas & Electric,Thames Water,AmeriGas,Verizon
407,Con Edison,American Water,Suburban Propane,Spectrum
408,TXU Energy,United Utilities,AmeriGas,Comcast
409,Pacific Gas & Electric,Aqua America,Centrica,Cox Communications
410,National Grid,United Utilities,Centrica,Spectrum
411,Con Edison,Aqua America,Ferrellgas,Spectrum
412,National Grid,United Utilities,Centrica,Verizon
413,Con Edison,Thames Water,British Gas,Spectrum
414,National Grid,Severn Trent,Suburban Propane,AT&T
415,National Grid,Thames Water,AmeriGas,Spectrum
416,TXU Energy,American Water,Suburban Propane,AT&T
417,Con Edison,United Utilities,Suburban Propane,Comcast
418,National Grid,American Water,Suburban Propane,Verizon
419,National Grid,Thames Water,Suburban Propane,Spectrum
420,TXU Energy,United Utilities,Suburban Propane,AT&T
421,National Grid,Aqua America,Centrica,Spectrum
422,Con Edison,Severn Trent,Suburban Propane,Spectrum
423,Con Edison,Thames Water,Suburban Propane,Spectrum
424,Con Edison,Thames Water,AmeriGas,Verizon
425,National Grid,Severn Trent,Suburban Propane,Verizon
426,Con Edison,Thames Water,Suburban Propane,Spectrum
427,Southern California Edison,United Utilities,Suburban Propane,Verizon
428,National Grid,United Utilities,British Gas,Verizon
429,Southern California Edison,Thames Water,British Gas,Spectrum
430,Con Edison,United Utilities,British Gas,Spectrum
431,National Grid,Thames Water,Suburban Propane,Spectrum
432,National Grid,Thames Water,Centrica,Spectrum
433,National Grid,Aqua America,British Gas,AT&T
434,National Grid,Severn Trent,Ferrellgas,Spectrum
435,Southern California Edison,United Utilities,British Gas,Spectrum
436,Con Edison,Severn Trent,AmeriGas,AT&T
437,National Grid,Aqua America,Centrica,Verizon
438,Pacific Gas & Electric,American Water,AmeriGas,AT&T
439,TXU Energy,Thames Water,AmeriGas,Verizon
440,National Grid,United Utilities,British Gas,Spectrum
441,Con Edison,American Water,AmeriGas,Verizon
442,National Grid,American Water,AmeriGas,AT&T
443,Con Edison,United Utilities,Centrica,Verizon
444,Con Edison,American Water,British Gas,Verizon
445,Con Edison,Thames Water,Centrica,Spectrum
446,Con Edison,Thames Water,Suburban Propane,Verizon
447,National Grid,Thames Water,British Gas,Spectrum
448,Con Edison,Aqua America,AmeriGas,Spectrum
449,Con Edison,American Water,British Gas,Comcast
450,Southern California Edison,Thames Water,British Gas,Spectrum
451,Con Edison,Aqua America,Suburban Propane,Comcast
452,TXU Energy,Thames Water,Centrica,Spectrum
453,National Grid,Thames Water,British Gas,AT&T
454,Con Edison,United Utilities,British Gas,Verizon
455,National Grid,Thames Water,Ferrellgas,Verizon
456,Southern California Edison,Thames Water,British Gas,Spectrum
457,National Grid,Thames Water,Centrica,Comcast
458,Con Edison,Thames Water,Ferrellgas,Verizon
459,National Grid,Thames Water,AmeriGas,Spectrum
460,Con Edison,Severn Trent,AmeriGas,AT&T
461,Southern California Edison,Severn Trent,British Gas,Spectrum
462,Con Edison,Aqua America,Centrica,Spectrum
463,Pacific Gas & Electric,Aqua America,British Gas,AT&T
464,Southern California Edison,Aqua America,AmeriGas,Verizon
465,Con Edison,Severn Trent,British Gas,Verizon
466,Con Edison,Aqua America,British Gas,Spectrum
467,National Grid,United Utilities,AmeriGas,Cox Communications
468,TXU Energy,American Water,AmeriGas,Verizon
469,Southern California Edison,United Utilities,Ferrellgas,Spectrum
470,TXU Energy,American Water,Ferrellgas,AT&T
471,National Grid,American Water,Centrica,Spectrum
472,Con Edison,Thames Water,Centrica,AT&T
473,Con Edison,Aqua America,AmeriGas,Verizon
474,National Grid,American Water,Centrica,Verizon
475,Southern California Edison,Thames Water,Centrica,Verizon
476,Con Edison,United Utilities,Ferrellgas,Verizon
477,National Grid,Thames Water,AmeriGas,Verizon
478,National Grid,American Water,Ferrellgas,Spectrum
479,TXU Energy,Thames Water,British Gas,Verizon
480,Con Edison,Thames Water,AmeriGas,Spectrum
481,Pacific Gas & Electric,United Utilities,Suburban Propane,Verizon
482,National Grid,United Utilities,Centrica,Cox Communications
483,Con Edison,American Water,Centrica,Spectrum
484,National Grid,Thames Water,AmeriGas,AT&T
485,National Grid,Severn Trent,Suburban Propane,Spectrum
486,Con Edison,Thames Water,AmeriGas,Verizon
487,National Grid,American Water,Centrica,Spectrum
488,National Grid,Severn Trent,Centrica,AT&T
489,Southern California Edison,Thames Water,AmeriGas,Cox Communications
490,Con Edison,United Utilities,British Gas,Verizon
491,National Grid,American Water,Ferrellgas,Cox Communications
492,National Grid,Thames Water,AmeriGas,Verizon
493,National Grid,United Utilities,British Gas,Spectrum
494,Con Edison,American Water,Suburban Propane,Spectrum
495,Con Edison,Severn Trent,Centrica,Verizon
496,Con Edison,Severn Trent,Centrica,Verizon
497,National Grid,American Water,AmeriGas,Verizon
498,Con Edison,United Utilities,Suburban Propane,Spectrum
499,National Grid,Severn Trent,AmeriGas,Spectrum
500,Southern California Edison,American Water,Ferrellgas,Verizon
501,National Grid,Thames Water,AmeriGas,Verizon
502,National Grid,American Water,Centrica,Spectrum
503,TXU Energy,American Water,Centrica,Verizon
504,Pacific Gas & Electric,American Water,British Gas,Verizon
505,National Grid,United Utilities,Ferrellgas,AT&T
506,Southern California Edison,Aqua America,British Gas,Spectrum
507,Southern California Edison,Thames Water,Ferrellgas,Verizon
508,Con Edison,United Utilities,Centrica,Cox Communications
509,Southern California Edison,American Water,AmeriGas,Verizon
510,Southern California Edison,Thames Water,Centrica,Comcast
511,National Grid,United Utilities,British Gas,Spectrum
512,Pacific Gas & Electric,Severn Trent,British Gas,Spectrum
513,Con Edison,Thames Water,AmeriGas,Verizon
514,Con Edison,Aqua America,Suburban Propane,Verizon
515,National Grid,Aqua America,Centrica,Cox Communications
516,Con Edison,Thames Water,British Gas,Cox Communications
517,TXU Energy,Thames Water,Suburban Propane,Spectrum
518,Con Edison,American Water,Suburban Propane,Verizon
519,Pacific Gas & Electric,American Water,Centrica,Spectrum
520,TXU Energy,American Water,British Gas,Spectrum
521,National Grid,Thames Water,Suburban Propane,Spectrum
522,Con Edison,Aqua America,British Gas,Spectrum
523,Con Edison,Severn Trent,Suburban Propane,Verizon
524,Con Edison,Aqua America,Centrica,Comcast
525,Pacific Gas & Electric,American Water,Centrica,Spectrum
526,National Grid,United Utilities,British Gas,Spectrum
527,Con Edison,Aqua America,Centrica,Spectrum
528,National Grid,American Water,Ferrellgas,Spectrum
529,Con Edison,Thames Water,Centrica,AT&T
530,Pacific Gas & Electric,Severn Trent,AmeriGas,Verizon
531,Con Edison,United Utilities,Centrica,AT&T
532,Con Edison,Aqua America,British Gas,Spectrum
533,Pacific Gas & Electric,American Water,Suburban Propane,Comcast
534,National Grid,Aqua America,Ferrellgas,Verizon
535,National Grid,Severn Trent,British Gas,Spectrum
536,National Grid,United Utilities,British Gas,Verizon
537,National Grid,Aqua America,Suburban Propane,Cox Communications
538,Con Edison,Severn Trent,Suburban Propane,Verizon
539,Con Edison,United Utilities,AmeriGas,Spectrum
540,Con Edison,Aqua America,British Gas,Verizon
541,Con Edison,American Water,Ferrellgas,Verizon
542,Con Edison,Severn Trent,AmeriGas,AT&T
543,Con Edison,American Water,AmeriGas,Spectrum
544,Con Edison,Severn Trent,Ferrellgas,Cox Communications
545,National Grid,American Water,Suburban Propane,Spectrum
546,Con Edison,American Water,Suburban Propane,Verizon
547,National Grid,Aqua America,British Gas,Verizon
548,Pacific Gas & Electric,Aqua America,AmeriGas,Verizon
549,Con Edison,American Water,Ferrellgas,Verizon
550,Southern California Edison,Severn Trent,Ferrellgas,Spectrum
551,Con Edison,Aqua America,Ferrellgas,AT&T
552,National Grid,Aqua America,AmeriGas,Spectrum
553,Con Edison,American Water,Centrica,AT&T
554,Southern California Edison,Severn Trent,Centrica,Verizon
555,Con Edison,American Water,British Gas,Verizon
556,National Grid,Thames Water,AmeriGas,Spectrum
557,Con Edison,American Water,AmeriGas,Comcast
558,Con Edison,Severn Trent,Centrica,Spectrum
559,National Grid,Aqua America,Suburban Propane,Verizon
560,Con Edison,Aqua America,Centrica,Spectrum
561,Con Edison,United Utilities,AmeriGas,Spectrum
562,Con Edison,American Water,Ferrellgas,Verizon
563,Con Edison,Aqua America,AmeriGas,Verizon
564,National Grid,Thames Water,British Gas,Verizon
565,Con Edison,Aqua America,Centrica,Verizon
566,National Grid,Thames Water,British Gas,Comcast
567,Con Edison,Aqua America,Centrica,Verizon
568,Con Edison,Aqua America,Centrica,Spectrum
569,National Grid,Severn Trent,British Gas,Spectrum
570,Con Edison,Aqua America,British Gas,Spectrum
571,Con Edison,Thames Water,Ferrellgas,Comcast
572,Con Edison,Severn Trent,British Gas,Spectrum
573,National Grid,Aqua America,Suburban Propane,Spectrum
574,Con Edison,Severn Trent,AmeriGas,Spectrum
575,Pacific Gas & Electric,Aqua America,Ferrellgas,Verizon
576,National Grid,United Utilities,Centrica,AT&T
577,Pacific Gas & Electric,Severn Trent,Suburban Propane,Verizon
578,Con Edison,Thames Water,British Gas,Cox Communications
579,National Grid,United Utilities,British Gas,Verizon
580,National Grid,Aqua America,Suburban Propane,Spectrum
581,Southern California Edison,Aqua America,AmeriGas,Spectrum
582,National Grid,United Utilities,Suburban Propane,Verizon
583,Con Edison,American Water,Centrica,Verizon
584,National Grid,United Utilities,Suburban Propane,Spectrum
585,Con Edison,Thames Water,Ferrellgas,Spectrum
586,National Grid,Aqua America,Suburban Propane,Verizon
587,Southern California Edison,Severn Trent,Suburban Propane,Verizon
588,Con Edison,American Water,Centrica,Spectrum
589,Con Edison,Severn Trent,Centrica,Spectrum
590,National Grid,United Utilities,AmeriGas,Spectrum
591,National Grid,Aqua America,Centrica,Spectrum
592,National Grid,Thames Water,Centrica,Verizon
593,Pacific Gas & Electric,United Utilities,Centrica,Verizon
594,Con Edison,United Utilities,Suburban Propane,AT&T
595,Con Edison,Severn Trent,Suburban Propane,Verizon
596,National Grid,Severn Trent,Centrica,Verizon
597,TXU Energy,Aqua America,British Gas,Verizon
598,National Grid,Severn Trent,Centrica,Spectrum
599,National Grid,American Water,Centrica,Verizon
600,National Grid,Aqua America,AmeriGas,Verizon
601,National Grid,Thames Water,Centrica,Verizon
602,Pacific Gas & Electric,American Water,Centrica,Verizon
603,Con Edison,United Utilities,AmeriGas,Verizon
604,Con Edison,Severn Trent,Centrica,Verizon
605,Con Edison,Thames Water,Centrica,Verizon
606,National Grid,Aqua America,Ferrellgas,Spectrum
607,Con Edison,Severn Trent,AmeriGas,Spectrum
608,National Grid,American Water,AmeriGas,Spectrum
609,Con Edison,United Utilities,Ferrellgas,Spectrum
610,Con Edison,United Utilities,AmeriGas,Comcast
611,TXU Energy,Severn Trent,British Gas,Verizon
612,Con Edison,Aqua America,Suburban Propane,Verizon
613,TXU Energy,Aqua America,Suburban Propane,Spectrum
614,Con Edison,Severn Trent,AmeriGas,Comcast
615,National Grid,Severn Trent,Suburban Propane,AT&T
616,National Grid,Severn Trent,Centrica,Spectrum
617,Southern California Edison,Thames Water,Centrica,Spectrum
618,Con Edison,Severn Trent,British Gas,Cox Communications
619,National Grid,Thames Water,Ferrellgas,Verizon
620,National Grid,American Water,Suburban Propane,AT&T
621,Pacific Gas & Electric,Severn Trent,British Gas,Spectrum
622,Pacific Gas & Electric,Severn Trent,Suburban Propane,Verizon
623,TXU Energy,Aqua America,Centrica,Spectrum
624,Southern California Edison,Severn Trent,British Gas,Spectrum
625,National Grid,Thames Water,British Gas,Spectrum
626,Southern California Edison,Thames Water,Ferrellgas,Verizon
627,National Grid,Severn Trent,Centrica,Spectrum
628,Con Edison,Thames Water,British Gas,Comcast
629,National Grid,Severn Trent,Centrica,Spectrum
630,National Grid,American Water,Centrica,Verizon
631,Con Edison,Thames Water,AmeriGas,Cox Communications
632,Con Edison,Thames Water,AmeriGas,Spectrum
633,National Grid,Thames Water,Ferrellgas,Spectrum
634,Con Edison,Thames Water,Centrica,AT&T
635,National Grid,Severn Trent,AmeriGas,AT&T
636,Con Edison,Severn Trent,Suburban Propane,Spectrum
637,Pacific Gas & Electric,American Water,Centrica,Verizon
638,Con Edison,Severn Trent,British Gas,Spectrum
639,Con Edison,Thames Water,Centrica,Verizon
640,Con Edison,American Water,British Gas,Comcast
641,National Grid,United Utilities,Ferrellgas,Spectrum
642,National Grid,Aqua America,AmeriGas,Verizon
643,Con Edison,American Water,Suburban Propane,Comcast
644,Southern California Edison,Aqua America,AmeriGas,Verizon
645,Con Edison,Thames Water,British Gas,Cox Communications
646,National Grid,United Utilities,Ferrellgas,Cox Communications
647,TXU Energy,Aqua America,British Gas,Cox Communications
648,TXU Energy,American Water,Ferrellgas,Verizon
649,Con Edison,Severn Trent,Ferrellgas,Verizon
650,National Grid,Aqua America,Suburban Propane,Spectrum
651,Con Edison,Severn Trent,Suburban Propane,Spectrum
652,Southern California Edison,Aqua America,AmeriGas,Verizon
653,TXU Energy,Thames Water,Suburban Propane,Verizon
654,National Grid,Severn Trent,British Gas,Spectrum
655,TXU Energy,United Utilities,British Gas,Spectrum
656,Southern California Edison,American Water,Ferrellgas,Spectrum
657,TXU Energy,United Utilities,AmeriGas,Verizon
658,Con Edison,Aqua America,AmeriGas,Spectrum
659,Con Edison,Aqua America,AmeriGas,Verizon
660,Con Edison,United Utilities,Ferrellgas,AT&T
661,Con Edison,Aqua America,Suburban Propane,Comcast
662,National Grid,Thames Water,Centrica,Verizon
663,TXU Energy,American Water,British Gas,Spectrum
664,National Grid,Thames Water,Ferrellgas,Spectrum
665,Con Edison,Severn Trent,British Gas,Comcast
666,National Grid,American Water,Suburban Propane,Spectrum
667,Pacific Gas & Electric,American Water,Suburban Propane,Verizon
668,National Grid,Aqua America,Ferrellgas,Verizon
669,Con Edison,Severn Trent,Ferrellgas,Verizon
670,Con Edison,United Utilities,Centrica,Spectrum
671,National Grid,Severn Trent,AmeriGas,Cox Communications
672,National Grid,United Utilities,Centrica,Verizon
673,Con Edison,Severn Trent,Ferrellgas,Comcast
674,National Grid,Severn Trent,Centrica,Spectrum
675,Con Edison,United Utilities,British Gas,Spectrum
676,Con Edison,Thames Water,Suburban Propane,Spectrum
677,National Grid,Aqua America,Suburban Propane,Cox Communications
678,Southern California Edison,Aqua America,Centrica,Verizon
679,National Grid,Aqua America,AmeriGas,AT&T
680,National Grid,United Utilities,Ferrellgas,Spectrum
681,Pacific Gas & Electric,Aqua America,Suburban Propane,AT&T
682,National Grid,American Water,Centrica,AT&T
683,Con Edison,Severn Trent,Ferrellgas,Spectrum
684,National Grid,United Utilities,Suburban Propane,Verizon
685,Pacific Gas & Electric,United Utilities,Centrica,Spectrum
686,National Grid,American Water,Ferrellgas,Spectrum
687,National Grid,Severn Trent,AmeriGas,Spectrum
688,Con Edison,Aqua America,Centrica,Verizon
689,TXU Energy,United Utilities,Centrica,Comcast
690,Con Edison,United Utilities,Centrica,Spectrum
691,National Grid,United Utilities,Suburban Propane,Verizon
692,National Grid,United Utilities,AmeriGas,Verizon
693,Pacific Gas & Electric,United Utilities,AmeriGas,Spectrum
694,National Grid,United Utilities,Centrica,Verizon
695,National Grid,American Water,Centrica,Spectrum
696,Southern California Edison,United Utilities,AmeriGas,Spectrum
697,TXU Energy,Thames Water,Ferrellgas,Spectrum
698,TXU Energy,Severn Trent,Centrica,Verizon
699,National Grid,Severn Trent,AmeriGas,Verizon
700,Con Edison,Aqua America,Suburban Propane,Comcast
701,Con Edison,United Utilities,AmeriGas,Spectrum
702,Con Edison,United Utilities,Ferrellgas,Cox Communications
703,Con Edison,American Water,Centrica,Spectrum
704,Con Edison,Thames Water,AmeriGas,AT&T
705,Pacific Gas & Electric,Severn Trent,British Gas,Verizon
706,National Grid,Severn Trent,Centrica,Verizon
707,National Grid,Aqua America,Centrica,Verizon
708,National Grid,United Utilities,British Gas,Spectrum
709,National Grid,American Water,Centrica,Verizon
710,TXU Energy,Aqua America,Suburban Propane,Verizon
711,TXU Energy,Aqua America,Suburban Propane,Verizon
712,Con Edison,Aqua America,Ferrellgas,Comcast
713,National Grid,American Water,Ferrellgas,Cox Communications
714,National Grid,American Water,AmeriGas,AT&T
715,Con Edison,United Utilities,AmeriGas,Spectrum
716,National Grid,American Water,Suburban Propane,Verizon
717,TXU Energy,Aqua America,Centrica,Verizon
718,Pacific Gas & Electric,United Utilities,British Gas,Spectrum
719,Con Edison,Aqua America,Suburban Propane,Cox Communications
720,National Grid,Aqua America,Ferrellgas,Comcast
721,Con Edison,Severn Trent,Ferrellgas,Verizon
722,National Grid,American Water,Ferrellgas,Spectrum
723,National Grid,Severn Trent,British Gas,Spectrum
724,Con Edison,Severn Trent,Ferrellgas,Verizon
725,Southern California Edison,Aqua America,Ferrellgas,Verizon
726,Con Edison,American Water,AmeriGas,AT&T
727,Con Edison,Aqua America,Centrica,Verizon
728,Con Edison,Thames Water,Centrica,Verizon
729,National Grid,Aqua America,British Gas,Spectrum
730,Con Edison,Aqua America,Ferrellgas,Spectrum
731,National Grid,American Water,AmeriGas,Comcast
732,Con Edison,Aqua America,Centrica,Cox Communications
733,Southern California Edison,Aqua America,British Gas,Verizon
734,TXU Energy,Severn Trent,AmeriGas,Spectrum
735,Con Edison,Aqua America,Ferrellgas,Cox Communications
736,TXU Energy,American Water,British Gas,Verizon
737,Con Edison,Severn Trent,AmeriGas,Comcast
738,TXU Energy,United Utilities,Centrica,Spectrum
739,National Grid,United Utilities,Suburban Propane,Cox Communications
740,National Grid,Aqua America,Centrica,Verizon
741,National Grid,Severn Trent,Suburban Propane,Verizon
742,Con Edison,Thames Water,British Gas,Comcast
743,Southern California Edison,United Utilities,AmeriGas,Cox Communications
744,Pacific Gas & Electric,Severn Trent,AmeriGas,Spectrum
745,Con Edison,United Utilities,AmeriGas,Verizon
746,National Grid,Severn Trent,Ferrellgas,Verizon
747,National Grid,Aqua America,Centrica,Spectrum
748,Con Edison,Severn Trent,Suburban Propane,Verizon
749,Southern California Edison,Severn Trent,Ferrellgas,Verizon
750,Con Edison,American Water,British Gas,AT&T
751,National Grid,Aqua America,British Gas,Spectrum
752,Southern California Edison,Thames Water,Ferrellgas,Spectrum
753,Con Edison,United Utilities,Suburban Propane,Comcast
754,National Grid,Severn Trent,British Gas,Spectrum
755,National Grid,Severn Trent,Centrica,Spectrum
756,Con Edison,Aqua America,British Gas,Verizon
757,Con Edison,American Water,Suburban Propane,Verizon
758,Con Edison,United Utilities,Centrica,Verizon
759,National Grid,Thames Water,Ferrellgas,Verizon
760,Con Edison,Severn Trent,Suburban Propane,Verizon
761,Con Edison,American Water,Centrica,Comcast
762,Con Edison,United Utilities,Centrica,Spectrum
763,National Grid,United Utilities,Centrica,Verizon
764,Con Edison,Thames Water,Suburban Propane,Spectrum
765,National Grid,Aqua America,AmeriGas,AT&T
766,Southern California Edison,United Utilities,British Gas,Spectrum
767,Con Edison,United Utilities,AmeriGas,Comcast
768,Con Edison,Thames Water,British Gas,Verizon
769,National Grid,Severn Trent,Suburban Propane,Cox Communications
770,Pacific Gas & Electric,Aqua America,British Gas,Verizon
771,Con Edison,Thames Water,Suburban Propane,Spectrum
772,National Grid,Severn Trent,Centrica,Spectrum
773,Con Edison,Thames Water,Ferrellgas,Spectrum
774,National Grid,Thames Water,AmeriGas,Cox Communications
775,Con Edison,Thames Water,AmeriGas,Comcast
776,Con Edison,American Water,Suburban Propane,Cox Communications
777,Pacific Gas & Electric,Thames Water,British Gas,Cox Communications
778,National Grid,Severn Trent,British Gas,Verizon
779,National Grid,Severn Trent,Ferrellgas,AT&T
780,National Grid,United Utilities,Centrica,Spectrum
781,Con Edison,American Water,British Gas,Spectrum
782,National Grid,Severn Trent,British Gas,Verizon
783,TXU Energy,American Water,Centrica,Spectrum
784,National Grid,United Utilities,Ferrellgas,Spectrum
785,National Grid,American Water,British Gas,Spectrum
786,National Grid,Severn Trent,Suburban Propane,Verizon
787,National Grid,Aqua America,Centrica,Spectrum
788,National Grid,American Water,British Gas,Verizon
789,National Grid,American Water,Ferrellgas,Verizon
790,National Grid,Aqua America,AmeriGas,Comcast
791,Pacific Gas & Electric,Thames Water,Suburban Propane,AT&T
792,Con Edison,Aqua America,Suburban Propane,Verizon
793,Pacific Gas & Electric,Thames Water,Suburban Propane,Spectrum
794,Con Edison,Aqua America,Suburban Propane,Comcast
795,Con Edison,American Water,AmeriGas,Spectrum
796,National Grid,Thames Water,AmeriGas,Spectrum
797,National Grid,Thames Water,AmeriGas,Spectrum
798,TXU Energy,Aqua America,AmeriGas,AT&T
799,National Grid,American Water,Ferrellgas,Spectrum
800,Con Edison,American Water,British Gas,AT&T
801,Con Edison,American Water,AmeriGas,Spectrum
802,National Grid,Thames Water,AmeriGas,Spectrum
803,National Grid,Thames Water,Ferrellgas,Spectrum
804,Con Edison,Thames Water,Centrica,Verizon
805,Southern California Edison,American Water,Ferrellgas,Verizon
806,TXU Energy,United Utilities,Centrica,Verizon
807,Con Edison,United Utilities,Suburban Propane,Spectrum
808,Con Edison,Thames Water,Ferrellgas,Spectrum
809,National Grid,Thames Water,Suburban Propane,AT&T
810,National Grid,American Water,Centrica,AT&T
811,Southern California Edison,American Water,Ferrellgas,Verizon
812,Pacific Gas & Electric,United Utilities,Centrica,Spectrum
813,Con Edison,United Utilities,Centrica,Spectrum
814,TXU Energy,Aqua America,Suburban Propane,Verizon
815,Pacific Gas & Electric,American Water,Centrica,Verizon
816,National Grid,Severn Trent,British Gas,Spectrum
817,Pacific Gas & Electric,Aqua America,AmeriGas,Verizon
818,National Grid,American Water,Ferrellgas,Spectrum
819,National Grid,Severn Trent,Suburban Propane,Verizon
820,Southern California Edison,Severn Trent,AmeriGas,Comcast
821,TXU Energy,Thames Water,Suburban Propane,Comcast
822,Con Edison,Thames Water,British Gas,AT&T
823,Con Edison,Severn Trent,AmeriGas,Spectrum
824,National Grid,Severn Trent,Ferrellgas,Comcast
825,Con Edison,Aqua America,Centrica,Spectrum
826,Con Edison,Severn Trent,Centrica,Verizon
827,Con Edison,Thames Water,AmeriGas,Verizon
828,Con Edison,Thames Water,Suburban Propane,Spectrum
829,National Grid,Thames Water,Ferrellgas,Comcast
830,TXU Energy,United Utilities,Centrica,Verizon
831,National Grid,Aqua America,AmeriGas,Verizon
832,National Grid,Aqua America,AmeriGas,Comcast
833,Con Edison,Aqua America,British Gas,AT&T
834,TXU Energy,United Utilities,Ferrellgas,Verizon
835,TXU Energy,Aqua America,Ferrellgas,Verizon
836,Con Edison,United Utilities,Suburban Propane,Spectrum
837,National Grid,United Utilities,Suburban Propane,Spectrum
838,Pacific Gas & Electric,Severn Trent,AmeriGas,Spectrum
839,Pacific Gas & Electric,United Utilities,British Gas,Spectrum
840,Con Edison,American Water,AmeriGas,Cox Communications
841,National Grid,American Water,Suburban Propane,Cox Communications
842,Con Edison,Aqua America,Centrica,AT&T
843,National Grid,American Water,British Gas,AT&T
844,TXU Energy,Severn Trent,Ferrellgas,Spectrum
845,Pacific Gas & Electric,American Water,Centrica,Spectrum
846,National Grid,United Utilities,Centrica,Spectrum
847,Southern California Edison,American Water,Ferrellgas,Spectrum
848,Con Edison,Thames Water,AmeriGas,Verizon
849,Con Edison,Severn Trent,British Gas,AT&T
850,Con Edison,Aqua America,Centrica,Verizon
851,National Grid,Thames Water,AmeriGas,Verizon
852,Southern California Edison,Severn Trent,Ferrellgas,Verizon
853,Southern California Edison,Severn Trent,AmeriGas,Verizon
854,Con Edison,Severn Trent,Centrica,Spectrum
855,National Grid,American Water,British Gas,Spectrum
856,Con Edison,American Water,British Gas,Spectrum
857,Southern California Edison,Thames Water,Ferrellgas,Spectrum
858,TXU Energy,Thames Water,AmeriGas,Spectrum
859,Con Edison,United Utilities,Suburban Propane,AT&T
860,Pacific Gas & Electric,United Utilities,British Gas,Comcast
861,Southern California Edison,United Utilities,Suburban Propane,AT&T
862,National Grid,Severn Trent,AmeriGas,Spectrum
863,National Grid,Aqua America,AmeriGas,Spectrum
864,Con Edison,United Utilities,Suburban Propane,Spectrum
865,National Grid,Thames Water,Ferrellgas,Spectrum
866,National Grid,Aqua America,Suburban Propane,Verizon
867,National Grid,United Utilities,Centrica,Verizon
868,Con Edison,American Water,Suburban Propane,Spectrum
869,Con Edison,United Utilities,Suburban Propane,Cox Communications
870,Con Edison,United Utilities,Ferrellgas,Verizon
871,Con Edison,Severn Trent,Centrica,Spectrum
872,Southern California Edison,Severn Trent,AmeriGas,Verizon
873,Con Edison,United Utilities,Centrica,Comcast
874,National Grid,Severn Trent,Suburban Propane,Verizon
875,Pacific Gas & Electric,American Water,AmeriGas,Verizon
876,Southern California Edison,Aqua America,Ferrellgas,Spectrum
877,National Grid,Aqua America,AmeriGas,Verizon
878,National Grid,Severn Trent,Ferrellgas,AT&T
879,National Grid,United Utilities,Suburban Propane,Verizon
880,Con Edison,American Water,Centrica,Spectrum
881,Southern California Edison,American Water,Centrica,Verizon
882,TXU Energy,Thames Water,Centrica,Verizon
883,Southern California Edison,Severn Trent,Centrica,Verizon
884,National Grid,Thames Water,Centrica,Spectrum
885,National Grid,Severn Trent,British Gas,Verizon
886,Con Edison,Thames Water,Suburban Propane,AT&T
887,National Grid,United Utilities,Centrica,Spectrum
888,TXU Energy,Severn Trent,Centrica,Spectrum
889,Con Edison,Aqua America,Ferrellgas,Verizon
890,Pacific Gas & Electric,Severn Trent,Suburban Propane,Verizon
891,Con Edison,Aqua America,Ferrellgas,Cox Communications
892,Con Edison,Thames Water,Centrica,Spectrum
893,Pacific Gas & Electric,Thames Water,Suburban Propane,Spectrum
894,National Grid,United Utilities,Suburban Propane,Spectrum
895,National Grid,Aqua America,Suburban Propane,Verizon
896,Pacific Gas & Electric,United Utilities,AmeriGas,Verizon
897,Con Edison,American Water,British Gas,Verizon
898,National Grid,Aqua America,British Gas,Verizon
899,National Grid,Severn Trent,Centrica,Verizon
900,Con Edison,Aqua America,British Gas,Spectrum
901,National Grid,Thames Water,Suburban Propane,Spectrum
902,TXU Energy,United Utilities,AmeriGas,Spectrum
903,National Grid,American Water,British Gas,Spectrum
904,Pacific Gas & Electric,United Utilities,British Gas,Spectrum
905,TXU Energy,American Water,AmeriGas,Cox Communications
906,National Grid,Thames Water,Ferrellgas,Cox Communications
907,Con Edison,United Utilities,Centrica,Cox Communications
908,Con Edison,Severn Trent,Suburban Propane,Cox Communications
909,Con Edison,Severn Trent,AmeriGas,Verizon
910,National Grid,United Utilities,Ferrellgas,Verizon
911,Con Edison,United Utilities,Centrica,AT&T
912,National Grid,American Water,Ferrellgas,Spectrum
913,National Grid,United Utilities,Centrica,Spectrum
914,Con Edison,American Water,British Gas,Verizon
915,TXU Energy,United Utilities,AmeriGas,Verizon
916,National Grid,United Utilities,Centrica,Verizon
917,Southern California Edison,Aqua America,AmeriGas,Spectrum
918,Pacific Gas & Electric,American Water,AmeriGas,Verizon
919,National Grid,Thames Water,Ferrellgas,Verizon
920,Con Edison,Severn Trent,Suburban Propane,Verizon
921,National Grid,American Water,Ferrellgas,Spectrum
922,Con Edison,United Utilities,Ferrellgas,Comcast
923,National Grid,Severn Trent,Suburban Propane,Spectrum
924,Southern California Edison,United Utilities,Suburban Propane,Spectrum
925,TXU Energy,Thames Water,Ferrellgas,Cox Communications
926,Con Edison,American Water,AmeriGas,Spectrum
927,Con Edison,American Water,British Gas,Comcast
928,Con Edison,United Utilities,Suburban Propane,Spectrum
929,Con Edison,United Utilities,British Gas,Verizon
930,Con Edison,American Water,AmeriGas,AT&T
931,National Grid,United Utilities,Suburban Propane,Comcast
932,National Grid,American Water,Centrica,Verizon
933,Southern California Edison,Aqua America,Centrica,AT&T
934,Southern California Edison,Thames Water,Ferrellgas,Comcast
935,Con Edison,American Water,British Gas,Spectrum
936,Southern California Edison,Thames Water,Centrica,Verizon
937,National Grid,Thames Water,Ferrellgas,Spectrum
938,Southern California Edison,Aqua America,Ferrellgas,Verizon
939,TXU Energy,American Water,Ferrellgas,Cox Communications
940,Pacific Gas & Electric,United Utilities,AmeriGas,Verizon
941,Pacific Gas & Electric,United Utilities,British Gas,Verizon
942,National Grid,American Water,Suburban Propane,Verizon
943,Southern California Edison,American Water,Ferrellgas,Spectrum
944,National Grid,Thames Water,Suburban Propane,Verizon
945,National Grid,Thames Water,Centrica,Verizon
946,National Grid,Severn Trent,AmeriGas,Verizon
947,National Grid,Thames Water,Suburban Propane,AT&T
948,Con Edison,American Water,Ferrellgas,Verizon
949,Pacific Gas & Electric,Severn Trent,AmeriGas,Verizon
950,Con Edison,Thames Water,Ferrellgas,Spectrum
951,Con Edison,United Utilities,AmeriGas,AT&T
952,National Grid,Thames Water,Suburban Propane,Verizon
953,Con Edison,Thames Water,Suburban Propane,Spectrum
954,Con Edison,Thames Water,Centrica,Spectrum
955,Con Edison,Thames Water,British Gas,Verizon
956,Con Edison,Aqua America,Ferrellgas,Comcast
957,National Grid,American Water,Ferrellgas,Cox Communications
958,National Grid,Severn Trent,Centrica,Verizon
959,TXU Energy,American Water,AmeriGas,Verizon
960,TXU Energy,Thames Water,AmeriGas,Spectrum
961,Con Edison,United Utilities,Suburban Propane,Spectrum
962,Pacific Gas & Electric,Severn Trent,Suburban Propane,Spectrum
963,TXU Energy,American Water,Ferrellgas,Spectrum
964,TXU Energy,United Utilities,British Gas,AT&T
965,National Grid,Thames Water,Ferrellgas,Spectrum
966,National Grid,United Utilities,AmeriGas,Spectrum
967,TXU Energy,American Water,British Gas,Cox Communications
968,National Grid,Severn Trent,British Gas,Verizon
969,Pacific Gas & Electric,American Water,Centrica,Spectrum
970,Con Edison,United Utilities,Suburban Propane,Verizon
971,Pacific Gas & Electric,United Utilities,British Gas,Spectrum
972,Con Edison,American Water,Ferrellgas,Verizon
973,Con Edison,American Water,AmeriGas,AT&T
974,Southern California Edison,American Water,Suburban Propane,Cox Communications
975,Pacific Gas & Electric,United Utilities,Ferrellgas,Verizon
976,TXU Energy,Aqua America,AmeriGas,Spectrum
977,Con Edison,American Water,Ferrellgas,AT&T
978,Con Edison,Thames Water,Ferrellgas,Spectrum
979,Con Edison,United Utilities,Suburban Propane,Spectrum
980,National Grid,Aqua America,AmeriGas,Verizon
981,Con Edison,Severn Trent,Ferrellgas,Spectrum
982,TXU Energy,Aqua America,British Gas,Cox Communications
983,Pacific Gas & Electric,Severn Trent,Suburban Propane,Spectrum
984,National Grid,Aqua America,Centrica,Comcast
985,National Grid,United Utilities,British Gas,Comcast
986,National Grid,Thames Water,AmeriGas,Verizon
987,Con Edison,United Utilities,British Gas,Spectrum
988,TXU Energy,Aqua America,Ferrellgas,Verizon
989,National Grid,Aqua America,Centrica,Verizon
990,Con Edison,Severn Trent,Suburban Propane,Spectrum
991,National Grid,American Water,Centrica,Verizon
992,Con Edison,United Utilities,British Gas,Comcast
993,Con Edison,Severn Trent,Centrica,Verizon
994,National Grid,Aqua America,AmeriGas,Cox Communications
995,Con Edison,Aqua America,Ferrellgas,Spectrum
996,TXU Energy,American Water,Ferrellgas,Verizon
997,Con Edison,United Utilities,AmeriGas,Verizon
998,Southern California Edison,Aqua America,Ferrellgas,Spectrum
999,National Grid,Thames Water,Suburban Propane,AT&T
1000,National Grid,American Water,Ferrellgas,AT&T
